step_index,physics_step_ms,render_frame_ms
1,19.657100000,
2,19.747900000,
3,19.380700000,
4,19.381000000,
5,19.362100000,
6,19.135000000,
7,19.271800000,
8,19.326600000,
9,19.231500000,
10,19.357000000,
11,19.596900000,
12,19.480100000,
13,19.397900000,
14,19.381900000,
15,19.539500000,
16,19.434300000,
17,19.288600000,
18,19.387800000,
19,19.170700000,
20,19.115600000,
21,18.978600000,
22,19.428100000,
23,19.015300000,
24,19.400700000,
25,19.564200000,
26,19.393500000,
27,19.396900000,
28,19.442800000,
29,19.218200000,
30,19.421800000,
31,19.500300000,
32,19.342500000,
33,19.022800000,
34,19.107600000,
35,18.985400000,
36,19.204500000,
37,19.119200000,
38,18.983900000,
39,19.183900000,
40,19.179500000,
41,19.362700000,
42,19.470900000,
43,19.476000000,
44,19.247000000,
45,19.609900000,
46,19.111600000,
47,19.019900000,
48,19.235200000,
49,19.017700000,
50,18.979000000,
51,19.176600000,
52,19.454400000,
53,19.156800000,
54,19.216000000,
55,19.384200000,
56,19.164900000,
57,19.272800000,
58,19.060000000,
59,19.303000000,
60,19.392700000,
61,19.001100000,
62,19.319400000,
63,19.105400000,
64,19.062100000,
65,18.922400000,
66,18.979400000,
67,18.840600000,
68,18.746200000,
69,18.926600000,
70,18.756600000,
71,18.822300000,
72,19.021900000,
73,18.736100000,
74,18.955000000,
75,18.988100000,
76,18.890800000,
77,19.038800000,
78,18.771300000,
79,19.057500000,
80,19.315800000,
81,18.913000000,
82,18.959200000,
83,18.778100000,
84,18.894400000,
85,19.225700000,
86,18.870600000,
87,18.917300000,
88,18.854600000,
89,18.663600000,
90,18.685600000,
91,18.811200000,
92,18.755300000,
93,18.734300000,
94,18.828400000,
95,19.096200000,
96,18.699600000,
97,18.795200000,
98,18.818500000,
99,18.856000000,
100,19.038700000,
101,18.864500000,
102,18.826900000,
103,18.958400000,
104,18.593100000,
105,18.645800000,
106,19.142400000,
107,18.839500000,
108,19.232900000,
109,18.661200000,
110,18.840600000,
111,18.734600000,
112,18.670500000,
113,18.656900000,
114,18.739900000,
115,19.013900000,
116,19.284500000,
117,19.010700000,
118,18.925100000,
119,18.746100000,
120,18.749100000,
121,18.620000000,
122,18.672600000,
123,18.637900000,
124,18.524300000,
125,18.610600000,
126,18.387100000,
127,18.580200000,
128,18.629400000,
129,18.461000000,
130,18.480400000,
131,18.536900000,
132,18.653900000,
133,18.611800000,
134,18.660800000,
135,18.645500000,
136,18.557100000,
137,18.557600000,
138,18.717800000,
139,18.699400000,
140,18.609400000,
141,18.548400000,
142,18.688600000,
143,18.456000000,
144,18.983100000,
145,18.404400000,
146,18.565400000,
147,18.407700000,
148,18.521700000,
149,18.362200000,
150,18.530900000,
151,18.554400000,
152,18.660300000,
153,18.410600000,
154,18.373400000,
155,18.265300000,
156,18.551800000,
157,18.583300000,
158,18.345300000,
159,18.355200000,
160,18.352100000,
161,18.439300000,
162,18.320900000,
163,18.408900000,
164,18.684200000,
165,18.393300000,
166,18.497300000,
167,18.336100000,
168,18.559000000,
169,18.702200000,
170,18.442900000,
171,18.205200000,
172,18.529800000,
173,18.335000000,
174,18.310000000,
175,18.300700000,
176,18.327600000,
177,18.395500000,
178,18.416300000,
179,18.245000000,
180,18.373000000,
181,18.175400000,
182,18.096000000,
183,18.086400000,
184,18.176900000,
185,18.400300000,
186,18.202800000,
187,18.172000000,
188,18.347500000,
189,18.334100000,
190,18.293700000,
191,18.389900000,
192,18.180700000,
193,18.141500000,
194,18.156400000,
195,18.157400000,
196,18.173200000,
197,18.074700000,
198,18.106100000,
199,18.204500000,
200,18.083200000,
201,18.131400000,
202,18.132600000,
203,18.240000000,
204,18.060800000,
205,18.453400000,
206,18.177800000,
207,18.136200000,
208,18.157600000,
209,18.178200000,
210,18.292200000,
211,18.065100000,
212,18.092800000,
213,18.231400000,
214,17.989500000,
215,18.147200000,
216,18.035000000,
217,18.074600000,
218,18.033200000,
219,18.046200000,
220,18.216100000,
221,18.131400000,
222,18.180100000,
223,17.987500000,
224,18.042000000,
225,18.041200000,
226,18.002200000,
227,18.020500000,
228,17.945600000,
229,17.971000000,
230,17.882100000,
231,17.934900000,
232,18.002100000,
233,18.105800000,
234,18.031400000,
235,17.995500000,
236,17.982200000,
237,18.165400000,
238,18.095400000,
239,18.090100000,
240,17.761300000,
241,17.878900000,
242,18.091300000,
243,18.225400000,
244,17.951600000,
245,17.787400000,
246,18.024200000,
247,17.936700000,
248,17.888700000,
249,17.928600000,
250,18.524600000,
251,18.163300000,
252,17.905200000,
253,17.819700000,
254,17.930900000,
255,17.941600000,
256,17.817900000,
257,17.895900000,
258,18.020700000,
259,18.159600000,
260,17.920600000,
261,17.881000000,
262,17.910000000,
263,17.755400000,
264,17.875200000,
265,18.078900000,
266,17.818200000,
267,17.978200000,
268,17.816300000,
269,17.807700000,
270,17.882200000,
271,17.759700000,
272,17.962100000,
273,17.686200000,
274,17.729300000,
275,17.782300000,
276,17.778100000,
277,17.748700000,
278,17.814600000,
279,17.659900000,
280,17.785300000,
281,17.705200000,
282,17.652200000,
283,17.699400000,
284,17.907100000,
285,17.515100000,
286,17.555800000,
287,17.738700000,
288,17.858900000,
289,17.709000000,
290,17.562200000,
291,17.635900000,
292,17.573400000,
293,17.545600000,
294,17.507100000,
295,17.602100000,
296,17.506900000,
297,17.639600000,
298,17.976700000,
299,17.633200000,
300,17.573200000,
