run_id,engine_id,case_id,benchmark_mode,thread_count,repeat_count,work_unit_id,warmup_work_unit_count,measured_work_unit_count,primary_metric_id,primary_metric_unit,primary_metric_direction,minimum_primary_value,median_primary_value,maximum_primary_value,body_count,shape_count,query_count,constraint_count,invalid_transform_count,physics_settings,build_settings
2026-10-05_0940_ddr5-4800_threads-1-2-3-4-5-6-8-10-12-14-16-24_r5,entasis,large_pyramid_16206,headless_api,1,5,step,0,600,median_ms_per_step,ms,lower_is_better,33.597233500,34.163685333,34.768727000,16211,16211,0,0,0,velocity_iterations=1; substeps=4; linear_damping=0; angular_damping=0; sleep=disabled; ccd=discrete; friction=0.5; restitution=0; worker_count=0,odin_dev_2026_09_windows_amd64_v3
2026-10-05_0940_ddr5-4800_threads-1-2-3-4-5-6-8-10-12-14-16-24_r5,bepuphysics2,large_pyramid_16206,headless_api,1,5,step,0,600,median_ms_per_step,ms,lower_is_better,45.125496500,46.399843500,47.428509333,16211,16211,0,0,0,velocity_iterations=1; substeps=4; linear_damping=0; angular_damping=0; sleep=disabled; ccd=disabled; deterministic=yes; worker_count=1,dotnet10_release_no_profiling_self_contained
2026-10-05_0940_ddr5-4800_threads-1-2-3-4-5-6-8-10-12-14-16-24_r5,nvidia_physx5,large_pyramid_16206,headless_api,1,1,step,0,600,median_ms_per_step,ms,lower_is_better,67.576578833,67.576578833,67.576578833,16211,16211,0,0,0,position_iterations=5; velocity_iterations=1; sleep=disabled; ccd=disabled; worker_count=1,vs2022_msbuild_release
2026-10-05_0940_ddr5-4800_threads-1-2-3-4-5-6-8-10-12-14-16-24_r5,physx34,large_pyramid_16206,headless_api,1,1,step,0,600,median_ms_per_step,ms,lower_is_better,68.259099333,68.259099333,68.259099333,16211,16211,0,0,0,position_iterations=5; velocity_iterations=1; sleep=disabled; ccd=disabled; worker_count=1,windows_clang_cl_release
2026-10-05_0940_ddr5-4800_threads-1-2-3-4-5-6-8-10-12-14-16-24_r5,box3d,large_pyramid_16206,headless_api,1,1,step,0,600,median_ms_per_step,ms,lower_is_better,69.054729833,69.054729833,69.054729833,16211,16211,0,0,0,substeps=4; sleep=disabled; ccd=disabled; worker_count=0,windows_clang_cl_release
2026-10-05_0940_ddr5-4800_threads-1-2-3-4-5-6-8-10-12-14-16-24_r5,nvidia_physx34,large_pyramid_16206,headless_api,1,1,step,0,600,median_ms_per_step,ms,lower_is_better,70.206529500,70.206529500,70.206529500,16211,16211,0,0,0,position_iterations=5; velocity_iterations=1; sleep=disabled; ccd=disabled; worker_count=1,vs2026_msbuild_release
2026-10-05_0940_ddr5-4800_threads-1-2-3-4-5-6-8-10-12-14-16-24_r5,rapier3d,large_pyramid_16206,headless_api,1,5,step,0,600,median_ms_per_step,ms,lower_is_better,76.743636500,78.153697000,81.709160333,16211,16211,0,0,0,solver_iterations=4; sleep=disabled; ccd=disabled; worker_count=1,rust_1_89_msvc_cargo_release
2026-10-05_0940_ddr5-4800_threads-1-2-3-4-5-6-8-10-12-14-16-24_r5,unity_physics,large_pyramid_16206,headless_api,1,1,step,0,600,median_ms_per_step,ms,lower_is_better,81.942560333,81.942560333,81.942560333,16211,16211,0,0,0,solver_iterations=2; substeps=3; solver_type=iterative; stabilization=on; linear_damping=0; angular_damping=0; synchronize_collision_world=on; sleep=not_applicable; worker_count=0,unity_player
2026-10-05_0940_ddr5-4800_threads-1-2-3-4-5-6-8-10-12-14-16-24_r5,unreal_chaos,large_pyramid_16206,headless_api,1,5,step,0,600,median_ms_per_step,ms,lower_is_better,91.931418667,93.653247333,95.190193000,16211,16211,0,0,0,position_iterations=3; velocity_iterations=1; projection_iterations=1; sleep=disabled; ccd=disabled; unit_scale=100_chaos_units_per_meter; worker_count=1,unreal_chaos_ubt_win64_shipping
2026-10-05_0940_ddr5-4800_threads-1-2-3-4-5-6-8-10-12-14-16-24_r5,joltphysics,large_pyramid_16206,headless_api,1,1,step,0,600,median_ms_per_step,ms,lower_is_better,130.667581500,130.667581500,130.667581500,16211,16211,0,0,0,velocity_iterations=4; position_iterations=1; collision_steps=1; sleep=disabled; ccd=disabled; linear_damping=0.05; angular_damping=0.05; worker_count=0,windows_clang_cl_distribution
2026-10-05_0940_ddr5-4800_threads-1-2-3-4-5-6-8-10-12-14-16-24_r5,avian3d,large_pyramid_16206,headless_api,1,5,step,0,600,median_ms_per_step,ms,lower_is_better,165.121455667,168.363970000,169.212634667,16211,16211,0,0,0,substeps=4; sleep=disabled; ccd=disabled; solver_defaults=avian; worker_count=1,rust_1_95_msvc_cargo_release
2026-10-05_0940_ddr5-4800_threads-1-2-3-4-5-6-8-10-12-14-16-24_r5,box3d,large_pyramid_16206,headless_api,2,0,step,0,600,median_ms_per_step,ms,lower_is_better,,,,16211,16211,0,0,0,unavailable,unavailable
2026-10-05_0940_ddr5-4800_threads-1-2-3-4-5-6-8-10-12-14-16-24_r5,joltphysics,large_pyramid_16206,headless_api,2,0,step,0,600,median_ms_per_step,ms,lower_is_better,,,,16211,16211,0,0,0,unavailable,unavailable
2026-10-05_0940_ddr5-4800_threads-1-2-3-4-5-6-8-10-12-14-16-24_r5,nvidia_physx34,large_pyramid_16206,headless_api,2,0,step,0,600,median_ms_per_step,ms,lower_is_better,,,,16211,16211,0,0,0,unavailable,unavailable
2026-10-05_0940_ddr5-4800_threads-1-2-3-4-5-6-8-10-12-14-16-24_r5,nvidia_physx5,large_pyramid_16206,headless_api,2,0,step,0,600,median_ms_per_step,ms,lower_is_better,,,,16211,16211,0,0,0,unavailable,unavailable
2026-10-05_0940_ddr5-4800_threads-1-2-3-4-5-6-8-10-12-14-16-24_r5,physx34,large_pyramid_16206,headless_api,2,0,step,0,600,median_ms_per_step,ms,lower_is_better,,,,16211,16211,0,0,0,unavailable,unavailable
2026-10-05_0940_ddr5-4800_threads-1-2-3-4-5-6-8-10-12-14-16-24_r5,unity_physics,large_pyramid_16206,headless_api,2,0,step,0,600,median_ms_per_step,ms,lower_is_better,,,,16211,16211,0,0,0,unavailable,unavailable
2026-10-05_0940_ddr5-4800_threads-1-2-3-4-5-6-8-10-12-14-16-24_r5,entasis,large_pyramid_16206,headless_api,2,5,step,0,600,median_ms_per_step,ms,lower_is_better,19.351217667,19.423307333,20.141166167,16211,16211,0,0,0,velocity_iterations=1; substeps=4; linear_damping=0; angular_damping=0; sleep=disabled; ccd=discrete; friction=0.5; restitution=0; worker_count=1,odin_dev_2026_09_windows_amd64_v3
2026-10-05_0940_ddr5-4800_threads-1-2-3-4-5-6-8-10-12-14-16-24_r5,bepuphysics2,large_pyramid_16206,headless_api,2,1,step,0,600,median_ms_per_step,ms,lower_is_better,24.925585667,24.925585667,24.925585667,16211,16211,0,0,0,velocity_iterations=1; substeps=4; linear_damping=0; angular_damping=0; sleep=disabled; ccd=disabled; deterministic=yes; worker_count=2,dotnet10_release_no_profiling_self_contained
2026-10-05_0940_ddr5-4800_threads-1-2-3-4-5-6-8-10-12-14-16-24_r5,rapier3d,large_pyramid_16206,headless_api,2,5,step,0,600,median_ms_per_step,ms,lower_is_better,36.980400333,39.150244667,41.293573333,16211,16211,0,0,0,solver_iterations=4; sleep=disabled; ccd=disabled; worker_count=2,rust_1_89_msvc_cargo_release
2026-10-05_0940_ddr5-4800_threads-1-2-3-4-5-6-8-10-12-14-16-24_r5,unreal_chaos,large_pyramid_16206,headless_api,2,5,step,0,600,median_ms_per_step,ms,lower_is_better,63.492349000,64.922552667,66.685285833,16211,16211,0,0,0,position_iterations=3; velocity_iterations=1; projection_iterations=1; sleep=disabled; ccd=disabled; unit_scale=100_chaos_units_per_meter; worker_count=2,unreal_chaos_ubt_win64_shipping
2026-10-05_0940_ddr5-4800_threads-1-2-3-4-5-6-8-10-12-14-16-24_r5,avian3d,large_pyramid_16206,headless_api,2,5,step,0,600,median_ms_per_step,ms,lower_is_better,99.579240667,99.601057167,100.602642667,16211,16211,0,0,0,substeps=4; sleep=disabled; ccd=disabled; solver_defaults=avian; worker_count=2,rust_1_95_msvc_cargo_release
2026-10-05_0940_ddr5-4800_threads-1-2-3-4-5-6-8-10-12-14-16-24_r5,bepuphysics2,large_pyramid_16206,headless_api,3,0,step,0,600,median_ms_per_step,ms,lower_is_better,,,,16211,16211,0,0,0,unavailable,unavailable
2026-10-05_0940_ddr5-4800_threads-1-2-3-4-5-6-8-10-12-14-16-24_r5,box3d,large_pyramid_16206,headless_api,3,0,step,0,600,median_ms_per_step,ms,lower_is_better,,,,16211,16211,0,0,0,unavailable,unavailable
2026-10-05_0940_ddr5-4800_threads-1-2-3-4-5-6-8-10-12-14-16-24_r5,joltphysics,large_pyramid_16206,headless_api,3,0,step,0,600,median_ms_per_step,ms,lower_is_better,,,,16211,16211,0,0,0,unavailable,unavailable
2026-10-05_0940_ddr5-4800_threads-1-2-3-4-5-6-8-10-12-14-16-24_r5,nvidia_physx34,large_pyramid_16206,headless_api,3,0,step,0,600,median_ms_per_step,ms,lower_is_better,,,,16211,16211,0,0,0,unavailable,unavailable
2026-10-05_0940_ddr5-4800_threads-1-2-3-4-5-6-8-10-12-14-16-24_r5,nvidia_physx5,large_pyramid_16206,headless_api,3,0,step,0,600,median_ms_per_step,ms,lower_is_better,,,,16211,16211,0,0,0,unavailable,unavailable
2026-10-05_0940_ddr5-4800_threads-1-2-3-4-5-6-8-10-12-14-16-24_r5,physx34,large_pyramid_16206,headless_api,3,0,step,0,600,median_ms_per_step,ms,lower_is_better,,,,16211,16211,0,0,0,unavailable,unavailable
2026-10-05_0940_ddr5-4800_threads-1-2-3-4-5-6-8-10-12-14-16-24_r5,unity_physics,large_pyramid_16206,headless_api,3,0,step,0,600,median_ms_per_step,ms,lower_is_better,,,,16211,16211,0,0,0,unavailable,unavailable
2026-10-05_0940_ddr5-4800_threads-1-2-3-4-5-6-8-10-12-14-16-24_r5,entasis,large_pyramid_16206,headless_api,3,5,step,0,600,median_ms_per_step,ms,lower_is_better,14.540089333,14.660879000,15.211144667,16211,16211,0,0,0,velocity_iterations=1; substeps=4; linear_damping=0; angular_damping=0; sleep=disabled; ccd=discrete; friction=0.5; restitution=0; worker_count=2,odin_dev_2026_09_windows_amd64_v3
2026-10-05_0940_ddr5-4800_threads-1-2-3-4-5-6-8-10-12-14-16-24_r5,rapier3d,large_pyramid_16206,headless_api,3,5,step,0,600,median_ms_per_step,ms,lower_is_better,29.347897667,29.888761000,32.112289333,16211,16211,0,0,0,solver_iterations=4; sleep=disabled; ccd=disabled; worker_count=3,rust_1_89_msvc_cargo_release
2026-10-05_0940_ddr5-4800_threads-1-2-3-4-5-6-8-10-12-14-16-24_r5,unreal_chaos,large_pyramid_16206,headless_api,3,5,step,0,600,median_ms_per_step,ms,lower_is_better,58.096814000,58.570627667,61.317827167,16211,16211,0,0,0,position_iterations=3; velocity_iterations=1; projection_iterations=1; sleep=disabled; ccd=disabled; unit_scale=100_chaos_units_per_meter; worker_count=3,unreal_chaos_ubt_win64_shipping
2026-10-05_0940_ddr5-4800_threads-1-2-3-4-5-6-8-10-12-14-16-24_r5,avian3d,large_pyramid_16206,headless_api,3,5,step,0,600,median_ms_per_step,ms,lower_is_better,75.597041667,76.306164500,76.420806667,16211,16211,0,0,0,substeps=4; sleep=disabled; ccd=disabled; solver_defaults=avian; worker_count=3,rust_1_95_msvc_cargo_release
2026-10-05_0940_ddr5-4800_threads-1-2-3-4-5-6-8-10-12-14-16-24_r5,bepuphysics2,large_pyramid_16206,headless_api,4,0,step,0,600,median_ms_per_step,ms,lower_is_better,,,,16211,16211,0,0,0,unavailable,unavailable
2026-10-05_0940_ddr5-4800_threads-1-2-3-4-5-6-8-10-12-14-16-24_r5,box3d,large_pyramid_16206,headless_api,4,0,step,0,600,median_ms_per_step,ms,lower_is_better,,,,16211,16211,0,0,0,unavailable,unavailable
2026-10-05_0940_ddr5-4800_threads-1-2-3-4-5-6-8-10-12-14-16-24_r5,joltphysics,large_pyramid_16206,headless_api,4,0,step,0,600,median_ms_per_step,ms,lower_is_better,,,,16211,16211,0,0,0,unavailable,unavailable
2026-10-05_0940_ddr5-4800_threads-1-2-3-4-5-6-8-10-12-14-16-24_r5,nvidia_physx34,large_pyramid_16206,headless_api,4,0,step,0,600,median_ms_per_step,ms,lower_is_better,,,,16211,16211,0,0,0,unavailable,unavailable
2026-10-05_0940_ddr5-4800_threads-1-2-3-4-5-6-8-10-12-14-16-24_r5,nvidia_physx5,large_pyramid_16206,headless_api,4,0,step,0,600,median_ms_per_step,ms,lower_is_better,,,,16211,16211,0,0,0,unavailable,unavailable
2026-10-05_0940_ddr5-4800_threads-1-2-3-4-5-6-8-10-12-14-16-24_r5,physx34,large_pyramid_16206,headless_api,4,0,step,0,600,median_ms_per_step,ms,lower_is_better,,,,16211,16211,0,0,0,unavailable,unavailable
2026-10-05_0940_ddr5-4800_threads-1-2-3-4-5-6-8-10-12-14-16-24_r5,unity_physics,large_pyramid_16206,headless_api,4,0,step,0,600,median_ms_per_step,ms,lower_is_better,,,,16211,16211,0,0,0,unavailable,unavailable
2026-10-05_0940_ddr5-4800_threads-1-2-3-4-5-6-8-10-12-14-16-24_r5,entasis,large_pyramid_16206,headless_api,4,5,step,0,600,median_ms_per_step,ms,lower_is_better,12.075824500,12.133481000,12.462683000,16211,16211,0,0,0,velocity_iterations=1; substeps=4; linear_damping=0; angular_damping=0; sleep=disabled; ccd=discrete; friction=0.5; restitution=0; worker_count=3,odin_dev_2026_09_windows_amd64_v3
2026-10-05_0940_ddr5-4800_threads-1-2-3-4-5-6-8-10-12-14-16-24_r5,rapier3d,large_pyramid_16206,headless_api,4,5,step,0,600,median_ms_per_step,ms,lower_is_better,24.617688833,25.391283333,26.419156167,16211,16211,0,0,0,solver_iterations=4; sleep=disabled; ccd=disabled; worker_count=4,rust_1_89_msvc_cargo_release
2026-10-05_0940_ddr5-4800_threads-1-2-3-4-5-6-8-10-12-14-16-24_r5,unreal_chaos,large_pyramid_16206,headless_api,4,5,step,0,600,median_ms_per_step,ms,lower_is_better,54.123349500,55.739418000,56.417271167,16211,16211,0,0,0,position_iterations=3; velocity_iterations=1; projection_iterations=1; sleep=disabled; ccd=disabled; unit_scale=100_chaos_units_per_meter; worker_count=4,unreal_chaos_ubt_win64_shipping
2026-10-05_0940_ddr5-4800_threads-1-2-3-4-5-6-8-10-12-14-16-24_r5,avian3d,large_pyramid_16206,headless_api,4,5,step,0,600,median_ms_per_step,ms,lower_is_better,62.329186167,62.616822667,63.077839667,16211,16211,0,0,0,substeps=4; sleep=disabled; ccd=disabled; solver_defaults=avian; worker_count=4,rust_1_95_msvc_cargo_release
2026-10-05_0940_ddr5-4800_threads-1-2-3-4-5-6-8-10-12-14-16-24_r5,bepuphysics2,large_pyramid_16206,headless_api,5,0,step,0,600,median_ms_per_step,ms,lower_is_better,,,,16211,16211,0,0,0,unavailable,unavailable
2026-10-05_0940_ddr5-4800_threads-1-2-3-4-5-6-8-10-12-14-16-24_r5,box3d,large_pyramid_16206,headless_api,5,0,step,0,600,median_ms_per_step,ms,lower_is_better,,,,16211,16211,0,0,0,unavailable,unavailable
2026-10-05_0940_ddr5-4800_threads-1-2-3-4-5-6-8-10-12-14-16-24_r5,joltphysics,large_pyramid_16206,headless_api,5,0,step,0,600,median_ms_per_step,ms,lower_is_better,,,,16211,16211,0,0,0,unavailable,unavailable
2026-10-05_0940_ddr5-4800_threads-1-2-3-4-5-6-8-10-12-14-16-24_r5,nvidia_physx34,large_pyramid_16206,headless_api,5,0,step,0,600,median_ms_per_step,ms,lower_is_better,,,,16211,16211,0,0,0,unavailable,unavailable
2026-10-05_0940_ddr5-4800_threads-1-2-3-4-5-6-8-10-12-14-16-24_r5,nvidia_physx5,large_pyramid_16206,headless_api,5,0,step,0,600,median_ms_per_step,ms,lower_is_better,,,,16211,16211,0,0,0,unavailable,unavailable
2026-10-05_0940_ddr5-4800_threads-1-2-3-4-5-6-8-10-12-14-16-24_r5,physx34,large_pyramid_16206,headless_api,5,0,step,0,600,median_ms_per_step,ms,lower_is_better,,,,16211,16211,0,0,0,unavailable,unavailable
2026-10-05_0940_ddr5-4800_threads-1-2-3-4-5-6-8-10-12-14-16-24_r5,unity_physics,large_pyramid_16206,headless_api,5,0,step,0,600,median_ms_per_step,ms,lower_is_better,,,,16211,16211,0,0,0,unavailable,unavailable
2026-10-05_0940_ddr5-4800_threads-1-2-3-4-5-6-8-10-12-14-16-24_r5,entasis,large_pyramid_16206,headless_api,5,5,step,0,600,median_ms_per_step,ms,lower_is_better,10.386597167,10.487417500,10.761497000,16211,16211,0,0,0,velocity_iterations=1; substeps=4; linear_damping=0; angular_damping=0; sleep=disabled; ccd=discrete; friction=0.5; restitution=0; worker_count=4,odin_dev_2026_09_windows_amd64_v3
2026-10-05_0940_ddr5-4800_threads-1-2-3-4-5-6-8-10-12-14-16-24_r5,rapier3d,large_pyramid_16206,headless_api,5,5,step,0,600,median_ms_per_step,ms,lower_is_better,22.111692500,23.415374500,24.278533667,16211,16211,0,0,0,solver_iterations=4; sleep=disabled; ccd=disabled; worker_count=5,rust_1_89_msvc_cargo_release
2026-10-05_0940_ddr5-4800_threads-1-2-3-4-5-6-8-10-12-14-16-24_r5,unreal_chaos,large_pyramid_16206,headless_api,5,5,step,0,600,median_ms_per_step,ms,lower_is_better,52.141568667,53.939092333,54.499851000,16211,16211,0,0,0,position_iterations=3; velocity_iterations=1; projection_iterations=1; sleep=disabled; ccd=disabled; unit_scale=100_chaos_units_per_meter; worker_count=5,unreal_chaos_ubt_win64_shipping
2026-10-05_0940_ddr5-4800_threads-1-2-3-4-5-6-8-10-12-14-16-24_r5,avian3d,large_pyramid_16206,headless_api,5,5,step,0,600,median_ms_per_step,ms,lower_is_better,54.641944000,54.907826833,55.766469667,16211,16211,0,0,0,substeps=4; sleep=disabled; ccd=disabled; solver_defaults=avian; worker_count=5,rust_1_95_msvc_cargo_release
2026-10-05_0940_ddr5-4800_threads-1-2-3-4-5-6-8-10-12-14-16-24_r5,bepuphysics2,large_pyramid_16206,headless_api,6,0,step,0,600,median_ms_per_step,ms,lower_is_better,,,,16211,16211,0,0,0,unavailable,unavailable
2026-10-05_0940_ddr5-4800_threads-1-2-3-4-5-6-8-10-12-14-16-24_r5,box3d,large_pyramid_16206,headless_api,6,0,step,0,600,median_ms_per_step,ms,lower_is_better,,,,16211,16211,0,0,0,unavailable,unavailable
2026-10-05_0940_ddr5-4800_threads-1-2-3-4-5-6-8-10-12-14-16-24_r5,joltphysics,large_pyramid_16206,headless_api,6,0,step,0,600,median_ms_per_step,ms,lower_is_better,,,,16211,16211,0,0,0,unavailable,unavailable
2026-10-05_0940_ddr5-4800_threads-1-2-3-4-5-6-8-10-12-14-16-24_r5,nvidia_physx34,large_pyramid_16206,headless_api,6,0,step,0,600,median_ms_per_step,ms,lower_is_better,,,,16211,16211,0,0,0,unavailable,unavailable
2026-10-05_0940_ddr5-4800_threads-1-2-3-4-5-6-8-10-12-14-16-24_r5,nvidia_physx5,large_pyramid_16206,headless_api,6,0,step,0,600,median_ms_per_step,ms,lower_is_better,,,,16211,16211,0,0,0,unavailable,unavailable
2026-10-05_0940_ddr5-4800_threads-1-2-3-4-5-6-8-10-12-14-16-24_r5,physx34,large_pyramid_16206,headless_api,6,0,step,0,600,median_ms_per_step,ms,lower_is_better,,,,16211,16211,0,0,0,unavailable,unavailable
2026-10-05_0940_ddr5-4800_threads-1-2-3-4-5-6-8-10-12-14-16-24_r5,unity_physics,large_pyramid_16206,headless_api,6,0,step,0,600,median_ms_per_step,ms,lower_is_better,,,,16211,16211,0,0,0,unavailable,unavailable
2026-10-05_0940_ddr5-4800_threads-1-2-3-4-5-6-8-10-12-14-16-24_r5,entasis,large_pyramid_16206,headless_api,6,5,step,0,600,median_ms_per_step,ms,lower_is_better,9.075902667,9.158054833,9.348413500,16211,16211,0,0,0,velocity_iterations=1; substeps=4; linear_damping=0; angular_damping=0; sleep=disabled; ccd=discrete; friction=0.5; restitution=0; worker_count=5,odin_dev_2026_09_windows_amd64_v3
2026-10-05_0940_ddr5-4800_threads-1-2-3-4-5-6-8-10-12-14-16-24_r5,rapier3d,large_pyramid_16206,headless_api,6,5,step,0,600,median_ms_per_step,ms,lower_is_better,20.562327000,20.806812500,21.219429000,16211,16211,0,0,0,solver_iterations=4; sleep=disabled; ccd=disabled; worker_count=6,rust_1_89_msvc_cargo_release
2026-10-05_0940_ddr5-4800_threads-1-2-3-4-5-6-8-10-12-14-16-24_r5,avian3d,large_pyramid_16206,headless_api,6,5,step,0,600,median_ms_per_step,ms,lower_is_better,48.683328667,49.184100667,49.551649000,16211,16211,0,0,0,substeps=4; sleep=disabled; ccd=disabled; solver_defaults=avian; worker_count=6,rust_1_95_msvc_cargo_release
2026-10-05_0940_ddr5-4800_threads-1-2-3-4-5-6-8-10-12-14-16-24_r5,unreal_chaos,large_pyramid_16206,headless_api,6,5,step,0,600,median_ms_per_step,ms,lower_is_better,50.915985000,51.334957500,53.316938333,16211,16211,0,0,0,position_iterations=3; velocity_iterations=1; projection_iterations=1; sleep=disabled; ccd=disabled; unit_scale=100_chaos_units_per_meter; worker_count=6,unreal_chaos_ubt_win64_shipping
2026-10-05_0940_ddr5-4800_threads-1-2-3-4-5-6-8-10-12-14-16-24_r5,bepuphysics2,large_pyramid_16206,headless_api,8,0,step,0,600,median_ms_per_step,ms,lower_is_better,,,,16211,16211,0,0,0,unavailable,unavailable
2026-10-05_0940_ddr5-4800_threads-1-2-3-4-5-6-8-10-12-14-16-24_r5,box3d,large_pyramid_16206,headless_api,8,0,step,0,600,median_ms_per_step,ms,lower_is_better,,,,16211,16211,0,0,0,unavailable,unavailable
2026-10-05_0940_ddr5-4800_threads-1-2-3-4-5-6-8-10-12-14-16-24_r5,joltphysics,large_pyramid_16206,headless_api,8,0,step,0,600,median_ms_per_step,ms,lower_is_better,,,,16211,16211,0,0,0,unavailable,unavailable
2026-10-05_0940_ddr5-4800_threads-1-2-3-4-5-6-8-10-12-14-16-24_r5,nvidia_physx34,large_pyramid_16206,headless_api,8,0,step,0,600,median_ms_per_step,ms,lower_is_better,,,,16211,16211,0,0,0,unavailable,unavailable
2026-10-05_0940_ddr5-4800_threads-1-2-3-4-5-6-8-10-12-14-16-24_r5,nvidia_physx5,large_pyramid_16206,headless_api,8,0,step,0,600,median_ms_per_step,ms,lower_is_better,,,,16211,16211,0,0,0,unavailable,unavailable
2026-10-05_0940_ddr5-4800_threads-1-2-3-4-5-6-8-10-12-14-16-24_r5,physx34,large_pyramid_16206,headless_api,8,0,step,0,600,median_ms_per_step,ms,lower_is_better,,,,16211,16211,0,0,0,unavailable,unavailable
2026-10-05_0940_ddr5-4800_threads-1-2-3-4-5-6-8-10-12-14-16-24_r5,unity_physics,large_pyramid_16206,headless_api,8,0,step,0,600,median_ms_per_step,ms,lower_is_better,,,,16211,16211,0,0,0,unavailable,unavailable
2026-10-05_0940_ddr5-4800_threads-1-2-3-4-5-6-8-10-12-14-16-24_r5,entasis,large_pyramid_16206,headless_api,8,5,step,0,600,median_ms_per_step,ms,lower_is_better,7.607073833,7.631988500,7.734919500,16211,16211,0,0,0,velocity_iterations=1; substeps=4; linear_damping=0; angular_damping=0; sleep=disabled; ccd=discrete; friction=0.5; restitution=0; worker_count=7,odin_dev_2026_09_windows_amd64_v3
2026-10-05_0940_ddr5-4800_threads-1-2-3-4-5-6-8-10-12-14-16-24_r5,rapier3d,large_pyramid_16206,headless_api,8,5,step,0,600,median_ms_per_step,ms,lower_is_better,17.709325667,18.174360500,18.648874833,16211,16211,0,0,0,solver_iterations=4; sleep=disabled; ccd=disabled; worker_count=8,rust_1_89_msvc_cargo_release
2026-10-05_0940_ddr5-4800_threads-1-2-3-4-5-6-8-10-12-14-16-24_r5,avian3d,large_pyramid_16206,headless_api,8,5,step,0,600,median_ms_per_step,ms,lower_is_better,41.792453000,42.364194333,42.729286833,16211,16211,0,0,0,substeps=4; sleep=disabled; ccd=disabled; solver_defaults=avian; worker_count=8,rust_1_95_msvc_cargo_release
2026-10-05_0940_ddr5-4800_threads-1-2-3-4-5-6-8-10-12-14-16-24_r5,unreal_chaos,large_pyramid_16206,headless_api,8,5,step,0,600,median_ms_per_step,ms,lower_is_better,50.097700333,50.890721833,51.683891667,16211,16211,0,0,0,position_iterations=3; velocity_iterations=1; projection_iterations=1; sleep=disabled; ccd=disabled; unit_scale=100_chaos_units_per_meter; worker_count=8,unreal_chaos_ubt_win64_shipping
2026-10-05_0940_ddr5-4800_threads-1-2-3-4-5-6-8-10-12-14-16-24_r5,bepuphysics2,large_pyramid_16206,headless_api,10,0,step,0,600,median_ms_per_step,ms,lower_is_better,,,,16211,16211,0,0,0,unavailable,unavailable
2026-10-05_0940_ddr5-4800_threads-1-2-3-4-5-6-8-10-12-14-16-24_r5,box3d,large_pyramid_16206,headless_api,10,0,step,0,600,median_ms_per_step,ms,lower_is_better,,,,16211,16211,0,0,0,unavailable,unavailable
2026-10-05_0940_ddr5-4800_threads-1-2-3-4-5-6-8-10-12-14-16-24_r5,joltphysics,large_pyramid_16206,headless_api,10,0,step,0,600,median_ms_per_step,ms,lower_is_better,,,,16211,16211,0,0,0,unavailable,unavailable
2026-10-05_0940_ddr5-4800_threads-1-2-3-4-5-6-8-10-12-14-16-24_r5,nvidia_physx34,large_pyramid_16206,headless_api,10,0,step,0,600,median_ms_per_step,ms,lower_is_better,,,,16211,16211,0,0,0,unavailable,unavailable
2026-10-05_0940_ddr5-4800_threads-1-2-3-4-5-6-8-10-12-14-16-24_r5,nvidia_physx5,large_pyramid_16206,headless_api,10,0,step,0,600,median_ms_per_step,ms,lower_is_better,,,,16211,16211,0,0,0,unavailable,unavailable
2026-10-05_0940_ddr5-4800_threads-1-2-3-4-5-6-8-10-12-14-16-24_r5,physx34,large_pyramid_16206,headless_api,10,0,step,0,600,median_ms_per_step,ms,lower_is_better,,,,16211,16211,0,0,0,unavailable,unavailable
2026-10-05_0940_ddr5-4800_threads-1-2-3-4-5-6-8-10-12-14-16-24_r5,unity_physics,large_pyramid_16206,headless_api,10,0,step,0,600,median_ms_per_step,ms,lower_is_better,,,,16211,16211,0,0,0,unavailable,unavailable
2026-10-05_0940_ddr5-4800_threads-1-2-3-4-5-6-8-10-12-14-16-24_r5,entasis,large_pyramid_16206,headless_api,10,5,step,0,600,median_ms_per_step,ms,lower_is_better,8.619285167,8.781866333,8.848136000,16211,16211,0,0,0,velocity_iterations=1; substeps=4; linear_damping=0; angular_damping=0; sleep=disabled; ccd=discrete; friction=0.5; restitution=0; worker_count=9,odin_dev_2026_09_windows_amd64_v3
2026-10-05_0940_ddr5-4800_threads-1-2-3-4-5-6-8-10-12-14-16-24_r5,rapier3d,large_pyramid_16206,headless_api,10,5,step,0,600,median_ms_per_step,ms,lower_is_better,16.868456667,17.512319500,17.825328500,16211,16211,0,0,0,solver_iterations=4; sleep=disabled; ccd=disabled; worker_count=10,rust_1_89_msvc_cargo_release
2026-10-05_0940_ddr5-4800_threads-1-2-3-4-5-6-8-10-12-14-16-24_r5,avian3d,large_pyramid_16206,headless_api,10,5,step,0,600,median_ms_per_step,ms,lower_is_better,46.523089500,46.949249167,47.497019667,16211,16211,0,0,0,substeps=4; sleep=disabled; ccd=disabled; solver_defaults=avian; worker_count=10,rust_1_95_msvc_cargo_release
2026-10-05_0940_ddr5-4800_threads-1-2-3-4-5-6-8-10-12-14-16-24_r5,unreal_chaos,large_pyramid_16206,headless_api,10,5,step,0,600,median_ms_per_step,ms,lower_is_better,49.791848667,51.731380667,52.185351333,16211,16211,0,0,0,position_iterations=3; velocity_iterations=1; projection_iterations=1; sleep=disabled; ccd=disabled; unit_scale=100_chaos_units_per_meter; worker_count=10,unreal_chaos_ubt_win64_shipping
2026-10-05_0940_ddr5-4800_threads-1-2-3-4-5-6-8-10-12-14-16-24_r5,bepuphysics2,large_pyramid_16206,headless_api,12,0,step,0,600,median_ms_per_step,ms,lower_is_better,,,,16211,16211,0,0,0,unavailable,unavailable
2026-10-05_0940_ddr5-4800_threads-1-2-3-4-5-6-8-10-12-14-16-24_r5,box3d,large_pyramid_16206,headless_api,12,0,step,0,600,median_ms_per_step,ms,lower_is_better,,,,16211,16211,0,0,0,unavailable,unavailable
2026-10-05_0940_ddr5-4800_threads-1-2-3-4-5-6-8-10-12-14-16-24_r5,joltphysics,large_pyramid_16206,headless_api,12,0,step,0,600,median_ms_per_step,ms,lower_is_better,,,,16211,16211,0,0,0,unavailable,unavailable
2026-10-05_0940_ddr5-4800_threads-1-2-3-4-5-6-8-10-12-14-16-24_r5,nvidia_physx34,large_pyramid_16206,headless_api,12,0,step,0,600,median_ms_per_step,ms,lower_is_better,,,,16211,16211,0,0,0,unavailable,unavailable
2026-10-05_0940_ddr5-4800_threads-1-2-3-4-5-6-8-10-12-14-16-24_r5,nvidia_physx5,large_pyramid_16206,headless_api,12,0,step,0,600,median_ms_per_step,ms,lower_is_better,,,,16211,16211,0,0,0,unavailable,unavailable
2026-10-05_0940_ddr5-4800_threads-1-2-3-4-5-6-8-10-12-14-16-24_r5,physx34,large_pyramid_16206,headless_api,12,0,step,0,600,median_ms_per_step,ms,lower_is_better,,,,16211,16211,0,0,0,unavailable,unavailable
2026-10-05_0940_ddr5-4800_threads-1-2-3-4-5-6-8-10-12-14-16-24_r5,unity_physics,large_pyramid_16206,headless_api,12,0,step,0,600,median_ms_per_step,ms,lower_is_better,,,,16211,16211,0,0,0,unavailable,unavailable
2026-10-05_0940_ddr5-4800_threads-1-2-3-4-5-6-8-10-12-14-16-24_r5,entasis,large_pyramid_16206,headless_api,12,5,step,0,600,median_ms_per_step,ms,lower_is_better,8.766542333,8.798862000,8.844209000,16211,16211,0,0,0,velocity_iterations=1; substeps=4; linear_damping=0; angular_damping=0; sleep=disabled; ccd=discrete; friction=0.5; restitution=0; worker_count=11,odin_dev_2026_09_windows_amd64_v3
2026-10-05_0940_ddr5-4800_threads-1-2-3-4-5-6-8-10-12-14-16-24_r5,rapier3d,large_pyramid_16206,headless_api,12,5,step,0,600,median_ms_per_step,ms,lower_is_better,16.811703333,16.967346500,17.203562000,16211,16211,0,0,0,solver_iterations=4; sleep=disabled; ccd=disabled; worker_count=12,rust_1_89_msvc_cargo_release
2026-10-05_0940_ddr5-4800_threads-1-2-3-4-5-6-8-10-12-14-16-24_r5,avian3d,large_pyramid_16206,headless_api,12,5,step,0,600,median_ms_per_step,ms,lower_is_better,43.419006167,43.622039333,44.102404333,16211,16211,0,0,0,substeps=4; sleep=disabled; ccd=disabled; solver_defaults=avian; worker_count=12,rust_1_95_msvc_cargo_release
2026-10-05_0940_ddr5-4800_threads-1-2-3-4-5-6-8-10-12-14-16-24_r5,unreal_chaos,large_pyramid_16206,headless_api,12,5,step,0,600,median_ms_per_step,ms,lower_is_better,49.450364333,49.945499000,51.501193500,16211,16211,0,0,0,position_iterations=3; velocity_iterations=1; projection_iterations=1; sleep=disabled; ccd=disabled; unit_scale=100_chaos_units_per_meter; worker_count=12,unreal_chaos_ubt_win64_shipping
2026-10-05_0940_ddr5-4800_threads-1-2-3-4-5-6-8-10-12-14-16-24_r5,bepuphysics2,large_pyramid_16206,headless_api,14,0,step,0,600,median_ms_per_step,ms,lower_is_better,,,,16211,16211,0,0,0,unavailable,unavailable
2026-10-05_0940_ddr5-4800_threads-1-2-3-4-5-6-8-10-12-14-16-24_r5,box3d,large_pyramid_16206,headless_api,14,0,step,0,600,median_ms_per_step,ms,lower_is_better,,,,16211,16211,0,0,0,unavailable,unavailable
2026-10-05_0940_ddr5-4800_threads-1-2-3-4-5-6-8-10-12-14-16-24_r5,joltphysics,large_pyramid_16206,headless_api,14,0,step,0,600,median_ms_per_step,ms,lower_is_better,,,,16211,16211,0,0,0,unavailable,unavailable
2026-10-05_0940_ddr5-4800_threads-1-2-3-4-5-6-8-10-12-14-16-24_r5,nvidia_physx34,large_pyramid_16206,headless_api,14,0,step,0,600,median_ms_per_step,ms,lower_is_better,,,,16211,16211,0,0,0,unavailable,unavailable
2026-10-05_0940_ddr5-4800_threads-1-2-3-4-5-6-8-10-12-14-16-24_r5,nvidia_physx5,large_pyramid_16206,headless_api,14,0,step,0,600,median_ms_per_step,ms,lower_is_better,,,,16211,16211,0,0,0,unavailable,unavailable
2026-10-05_0940_ddr5-4800_threads-1-2-3-4-5-6-8-10-12-14-16-24_r5,physx34,large_pyramid_16206,headless_api,14,0,step,0,600,median_ms_per_step,ms,lower_is_better,,,,16211,16211,0,0,0,unavailable,unavailable
2026-10-05_0940_ddr5-4800_threads-1-2-3-4-5-6-8-10-12-14-16-24_r5,unity_physics,large_pyramid_16206,headless_api,14,0,step,0,600,median_ms_per_step,ms,lower_is_better,,,,16211,16211,0,0,0,unavailable,unavailable
2026-10-05_0940_ddr5-4800_threads-1-2-3-4-5-6-8-10-12-14-16-24_r5,entasis,large_pyramid_16206,headless_api,14,5,step,0,600,median_ms_per_step,ms,lower_is_better,8.534645833,8.559912167,8.566445333,16211,16211,0,0,0,velocity_iterations=1; substeps=4; linear_damping=0; angular_damping=0; sleep=disabled; ccd=discrete; friction=0.5; restitution=0; worker_count=13,odin_dev_2026_09_windows_amd64_v3
2026-10-05_0940_ddr5-4800_threads-1-2-3-4-5-6-8-10-12-14-16-24_r5,rapier3d,large_pyramid_16206,headless_api,14,5,step,0,600,median_ms_per_step,ms,lower_is_better,16.126144000,16.514602667,16.697998167,16211,16211,0,0,0,solver_iterations=4; sleep=disabled; ccd=disabled; worker_count=14,rust_1_89_msvc_cargo_release
2026-10-05_0940_ddr5-4800_threads-1-2-3-4-5-6-8-10-12-14-16-24_r5,avian3d,large_pyramid_16206,headless_api,14,5,step,0,600,median_ms_per_step,ms,lower_is_better,41.931930167,42.091445167,42.135002000,16211,16211,0,0,0,substeps=4; sleep=disabled; ccd=disabled; solver_defaults=avian; worker_count=14,rust_1_95_msvc_cargo_release
2026-10-05_0940_ddr5-4800_threads-1-2-3-4-5-6-8-10-12-14-16-24_r5,unreal_chaos,large_pyramid_16206,headless_api,14,5,step,0,600,median_ms_per_step,ms,lower_is_better,49.456727333,50.161191333,50.753976500,16211,16211,0,0,0,position_iterations=3; velocity_iterations=1; projection_iterations=1; sleep=disabled; ccd=disabled; unit_scale=100_chaos_units_per_meter; worker_count=14,unreal_chaos_ubt_win64_shipping
2026-10-05_0940_ddr5-4800_threads-1-2-3-4-5-6-8-10-12-14-16-24_r5,bepuphysics2,large_pyramid_16206,headless_api,16,0,step,0,600,median_ms_per_step,ms,lower_is_better,,,,16211,16211,0,0,0,unavailable,unavailable
2026-10-05_0940_ddr5-4800_threads-1-2-3-4-5-6-8-10-12-14-16-24_r5,box3d,large_pyramid_16206,headless_api,16,0,step,0,600,median_ms_per_step,ms,lower_is_better,,,,16211,16211,0,0,0,unavailable,unavailable
2026-10-05_0940_ddr5-4800_threads-1-2-3-4-5-6-8-10-12-14-16-24_r5,joltphysics,large_pyramid_16206,headless_api,16,0,step,0,600,median_ms_per_step,ms,lower_is_better,,,,16211,16211,0,0,0,unavailable,unavailable
2026-10-05_0940_ddr5-4800_threads-1-2-3-4-5-6-8-10-12-14-16-24_r5,nvidia_physx34,large_pyramid_16206,headless_api,16,0,step,0,600,median_ms_per_step,ms,lower_is_better,,,,16211,16211,0,0,0,unavailable,unavailable
2026-10-05_0940_ddr5-4800_threads-1-2-3-4-5-6-8-10-12-14-16-24_r5,nvidia_physx5,large_pyramid_16206,headless_api,16,0,step,0,600,median_ms_per_step,ms,lower_is_better,,,,16211,16211,0,0,0,unavailable,unavailable
2026-10-05_0940_ddr5-4800_threads-1-2-3-4-5-6-8-10-12-14-16-24_r5,physx34,large_pyramid_16206,headless_api,16,0,step,0,600,median_ms_per_step,ms,lower_is_better,,,,16211,16211,0,0,0,unavailable,unavailable
2026-10-05_0940_ddr5-4800_threads-1-2-3-4-5-6-8-10-12-14-16-24_r5,unity_physics,large_pyramid_16206,headless_api,16,0,step,0,600,median_ms_per_step,ms,lower_is_better,,,,16211,16211,0,0,0,unavailable,unavailable
2026-10-05_0940_ddr5-4800_threads-1-2-3-4-5-6-8-10-12-14-16-24_r5,entasis,large_pyramid_16206,headless_api,16,5,step,0,600,median_ms_per_step,ms,lower_is_better,8.241014167,8.282148833,8.302533833,16211,16211,0,0,0,velocity_iterations=1; substeps=4; linear_damping=0; angular_damping=0; sleep=disabled; ccd=discrete; friction=0.5; restitution=0; worker_count=15,odin_dev_2026_09_windows_amd64_v3
2026-10-05_0940_ddr5-4800_threads-1-2-3-4-5-6-8-10-12-14-16-24_r5,rapier3d,large_pyramid_16206,headless_api,16,5,step,0,600,median_ms_per_step,ms,lower_is_better,15.981577500,16.083734667,16.363955167,16211,16211,0,0,0,solver_iterations=4; sleep=disabled; ccd=disabled; worker_count=16,rust_1_89_msvc_cargo_release
2026-10-05_0940_ddr5-4800_threads-1-2-3-4-5-6-8-10-12-14-16-24_r5,avian3d,large_pyramid_16206,headless_api,16,5,step,0,600,median_ms_per_step,ms,lower_is_better,40.693723333,40.792921000,41.500022833,16211,16211,0,0,0,substeps=4; sleep=disabled; ccd=disabled; solver_defaults=avian; worker_count=16,rust_1_95_msvc_cargo_release
2026-10-05_0940_ddr5-4800_threads-1-2-3-4-5-6-8-10-12-14-16-24_r5,unreal_chaos,large_pyramid_16206,headless_api,16,5,step,0,600,median_ms_per_step,ms,lower_is_better,48.205674167,49.972270833,50.122026833,16211,16211,0,0,0,position_iterations=3; velocity_iterations=1; projection_iterations=1; sleep=disabled; ccd=disabled; unit_scale=100_chaos_units_per_meter; worker_count=16,unreal_chaos_ubt_win64_shipping
2026-10-05_0940_ddr5-4800_threads-1-2-3-4-5-6-8-10-12-14-16-24_r5,bepuphysics2,large_pyramid_16206,headless_api,24,0,step,0,600,median_ms_per_step,ms,lower_is_better,,,,16211,16211,0,0,0,unavailable,unavailable
2026-10-05_0940_ddr5-4800_threads-1-2-3-4-5-6-8-10-12-14-16-24_r5,box3d,large_pyramid_16206,headless_api,24,0,step,0,600,median_ms_per_step,ms,lower_is_better,,,,16211,16211,0,0,0,unavailable,unavailable
2026-10-05_0940_ddr5-4800_threads-1-2-3-4-5-6-8-10-12-14-16-24_r5,joltphysics,large_pyramid_16206,headless_api,24,0,step,0,600,median_ms_per_step,ms,lower_is_better,,,,16211,16211,0,0,0,unavailable,unavailable
2026-10-05_0940_ddr5-4800_threads-1-2-3-4-5-6-8-10-12-14-16-24_r5,nvidia_physx34,large_pyramid_16206,headless_api,24,0,step,0,600,median_ms_per_step,ms,lower_is_better,,,,16211,16211,0,0,0,unavailable,unavailable
2026-10-05_0940_ddr5-4800_threads-1-2-3-4-5-6-8-10-12-14-16-24_r5,nvidia_physx5,large_pyramid_16206,headless_api,24,0,step,0,600,median_ms_per_step,ms,lower_is_better,,,,16211,16211,0,0,0,unavailable,unavailable
2026-10-05_0940_ddr5-4800_threads-1-2-3-4-5-6-8-10-12-14-16-24_r5,physx34,large_pyramid_16206,headless_api,24,0,step,0,600,median_ms_per_step,ms,lower_is_better,,,,16211,16211,0,0,0,unavailable,unavailable
2026-10-05_0940_ddr5-4800_threads-1-2-3-4-5-6-8-10-12-14-16-24_r5,unity_physics,large_pyramid_16206,headless_api,24,0,step,0,600,median_ms_per_step,ms,lower_is_better,,,,16211,16211,0,0,0,unavailable,unavailable
2026-10-05_0940_ddr5-4800_threads-1-2-3-4-5-6-8-10-12-14-16-24_r5,entasis,large_pyramid_16206,headless_api,24,5,step,0,600,median_ms_per_step,ms,lower_is_better,7.374268833,7.387045667,7.399603000,16211,16211,0,0,0,velocity_iterations=1; substeps=4; linear_damping=0; angular_damping=0; sleep=disabled; ccd=discrete; friction=0.5; restitution=0; worker_count=23,odin_dev_2026_09_windows_amd64_v3
2026-10-05_0940_ddr5-4800_threads-1-2-3-4-5-6-8-10-12-14-16-24_r5,rapier3d,large_pyramid_16206,headless_api,24,5,step,0,600,median_ms_per_step,ms,lower_is_better,15.193861000,15.264317333,15.618593000,16211,16211,0,0,0,solver_iterations=4; sleep=disabled; ccd=disabled; worker_count=24,rust_1_89_msvc_cargo_release
2026-10-05_0940_ddr5-4800_threads-1-2-3-4-5-6-8-10-12-14-16-24_r5,avian3d,large_pyramid_16206,headless_api,24,5,step,0,600,median_ms_per_step,ms,lower_is_better,39.537303667,39.707520833,40.048797667,16211,16211,0,0,0,substeps=4; sleep=disabled; ccd=disabled; solver_defaults=avian; worker_count=24,rust_1_95_msvc_cargo_release
2026-10-05_0940_ddr5-4800_threads-1-2-3-4-5-6-8-10-12-14-16-24_r5,unreal_chaos,large_pyramid_16206,headless_api,24,5,step,0,600,median_ms_per_step,ms,lower_is_better,46.093987000,46.256912167,46.705811000,16211,16211,0,0,0,position_iterations=3; velocity_iterations=1; projection_iterations=1; sleep=disabled; ccd=disabled; unit_scale=100_chaos_units_per_meter; worker_count=24,unreal_chaos_ubt_win64_shipping
