run_id,engine_id,engine_ref,host_route,toolchain_id,case_id,benchmark_mode,thread_count,work_unit_id,measured_work_unit_count,warmup_work_unit_count,repeat_index,body_count,shape_count,query_count,constraint_count,primary_metric_id,primary_metric_value,primary_metric_unit,primary_metric_direction,mean_ms_per_work_unit,work_units_per_second,invalid_transform_count,case_status,metric_status,runtime_route,timing_scope,effective_thread_count,fixture_semantic,fixture_revision,physics_settings,build_settings,requested_thread_count,requested_worker_count,requested_taskgraph_worker_count,actual_taskgraph_worker_count,effective_worker_count,main_thread_participates,unity_editor_version,unity_physics_package_version,entities_package_version,burst_package_version,collections_package_version,build_target,backend,burst_enabled_state,safety_check_state,package_lock_sha256,completed_work_unit_count,workload_elapsed_ms,render_elapsed_ms,present_wait_ms,visual_validation_status,proof_path,raw_path
2026-10-05_1700_ddr5-4800_threads-1-2-3-4-5-6-8-10-12-14-16-24_r1,avian3d,47d5948b2a8ee829848fbc3d4ce5e44ad0fd863f,windows,rust_1_95_msvc_cargo_release,large_pyramid_16206,headless_api,1,step,600,0,0,16211,16211,0,0,median_ms_per_step,164.571762000,ms,lower_is_better,164.571762000,6.076376578,0,ok,ok,engine_runner_cli,work_unit_wall_sum_inline,1,large_pyramid,1,substeps=4; sleep=disabled; ccd=disabled; solver_defaults=avian; worker_count=1,rust_1_95_msvc_cargo_release,1,1,,,1,yes,,,,,,,,,,,600,98743.057200000,,,,,results/large-pyramid-16206/intel-core-i7-13700k/2026-10-05_1700_ddr5-4800_threads-1-2-3-4-5-6-8-10-12-14-16-24_r1/raw/avian3d/t1/avian3d_t1_raw.csv
2026-10-05_1700_ddr5-4800_threads-1-2-3-4-5-6-8-10-12-14-16-24_r1,avian3d,47d5948b2a8ee829848fbc3d4ce5e44ad0fd863f,windows,rust_1_95_msvc_cargo_release,large_pyramid_16206,headless_api,2,step,600,0,0,16211,16211,0,0,median_ms_per_step,99.873685000,ms,lower_is_better,99.873685000,10.012647476,0,ok,ok,engine_runner_cli,work_unit_wall_sum_inline,2,large_pyramid,1,substeps=4; sleep=disabled; ccd=disabled; solver_defaults=avian; worker_count=2,rust_1_95_msvc_cargo_release,2,2,,,2,yes,,,,,,,,,,,600,59924.211000000,,,,,results/large-pyramid-16206/intel-core-i7-13700k/2026-10-05_1700_ddr5-4800_threads-1-2-3-4-5-6-8-10-12-14-16-24_r1/raw/avian3d/t2/avian3d_t2_raw.csv
2026-10-05_1700_ddr5-4800_threads-1-2-3-4-5-6-8-10-12-14-16-24_r1,avian3d,47d5948b2a8ee829848fbc3d4ce5e44ad0fd863f,windows,rust_1_95_msvc_cargo_release,large_pyramid_16206,headless_api,3,step,600,0,0,16211,16211,0,0,median_ms_per_step,75.724875000,ms,lower_is_better,75.724875000,13.205700241,0,ok,ok,engine_runner_cli,work_unit_wall_sum_inline,3,large_pyramid,1,substeps=4; sleep=disabled; ccd=disabled; solver_defaults=avian; worker_count=3,rust_1_95_msvc_cargo_release,3,3,,,3,yes,,,,,,,,,,,600,45434.925000000,,,,,results/large-pyramid-16206/intel-core-i7-13700k/2026-10-05_1700_ddr5-4800_threads-1-2-3-4-5-6-8-10-12-14-16-24_r1/raw/avian3d/t3/avian3d_t3_raw.csv
2026-10-05_1700_ddr5-4800_threads-1-2-3-4-5-6-8-10-12-14-16-24_r1,avian3d,47d5948b2a8ee829848fbc3d4ce5e44ad0fd863f,windows,rust_1_95_msvc_cargo_release,large_pyramid_16206,headless_api,4,step,600,0,0,16211,16211,0,0,median_ms_per_step,62.945804167,ms,lower_is_better,62.945804167,15.886682413,0,ok,ok,engine_runner_cli,work_unit_wall_sum_inline,4,large_pyramid,1,substeps=4; sleep=disabled; ccd=disabled; solver_defaults=avian; worker_count=4,rust_1_95_msvc_cargo_release,4,4,,,4,yes,,,,,,,,,,,600,37767.482500000,,,,,results/large-pyramid-16206/intel-core-i7-13700k/2026-10-05_1700_ddr5-4800_threads-1-2-3-4-5-6-8-10-12-14-16-24_r1/raw/avian3d/t4/avian3d_t4_raw.csv
2026-10-05_1700_ddr5-4800_threads-1-2-3-4-5-6-8-10-12-14-16-24_r1,avian3d,47d5948b2a8ee829848fbc3d4ce5e44ad0fd863f,windows,rust_1_95_msvc_cargo_release,large_pyramid_16206,headless_api,5,step,600,0,0,16211,16211,0,0,median_ms_per_step,56.253847333,ms,lower_is_better,56.253847333,17.776561914,0,ok,ok,engine_runner_cli,work_unit_wall_sum_inline,5,large_pyramid,1,substeps=4; sleep=disabled; ccd=disabled; solver_defaults=avian; worker_count=5,rust_1_95_msvc_cargo_release,5,5,,,5,yes,,,,,,,,,,,600,33752.308400000,,,,,results/large-pyramid-16206/intel-core-i7-13700k/2026-10-05_1700_ddr5-4800_threads-1-2-3-4-5-6-8-10-12-14-16-24_r1/raw/avian3d/t5/avian3d_t5_raw.csv
2026-10-05_1700_ddr5-4800_threads-1-2-3-4-5-6-8-10-12-14-16-24_r1,avian3d,47d5948b2a8ee829848fbc3d4ce5e44ad0fd863f,windows,rust_1_95_msvc_cargo_release,large_pyramid_16206,headless_api,6,step,600,0,0,16211,16211,0,0,median_ms_per_step,49.247948500,ms,lower_is_better,49.247948500,20.305414346,0,ok,ok,engine_runner_cli,work_unit_wall_sum_inline,6,large_pyramid,1,substeps=4; sleep=disabled; ccd=disabled; solver_defaults=avian; worker_count=6,rust_1_95_msvc_cargo_release,6,6,,,6,yes,,,,,,,,,,,600,29548.769100000,,,,,results/large-pyramid-16206/intel-core-i7-13700k/2026-10-05_1700_ddr5-4800_threads-1-2-3-4-5-6-8-10-12-14-16-24_r1/raw/avian3d/t6/avian3d_t6_raw.csv
2026-10-05_1700_ddr5-4800_threads-1-2-3-4-5-6-8-10-12-14-16-24_r1,avian3d,47d5948b2a8ee829848fbc3d4ce5e44ad0fd863f,windows,rust_1_95_msvc_cargo_release,large_pyramid_16206,headless_api,8,step,600,0,0,16211,16211,0,0,median_ms_per_step,42.581788833,ms,lower_is_better,42.581788833,23.484217723,0,ok,ok,engine_runner_cli,work_unit_wall_sum_inline,8,large_pyramid,1,substeps=4; sleep=disabled; ccd=disabled; solver_defaults=avian; worker_count=8,rust_1_95_msvc_cargo_release,8,8,,,8,yes,,,,,,,,,,,600,25549.073300000,,,,,results/large-pyramid-16206/intel-core-i7-13700k/2026-10-05_1700_ddr5-4800_threads-1-2-3-4-5-6-8-10-12-14-16-24_r1/raw/avian3d/t8/avian3d_t8_raw.csv
2026-10-05_1700_ddr5-4800_threads-1-2-3-4-5-6-8-10-12-14-16-24_r1,avian3d,47d5948b2a8ee829848fbc3d4ce5e44ad0fd863f,windows,rust_1_95_msvc_cargo_release,large_pyramid_16206,headless_api,10,step,600,0,0,16211,16211,0,0,median_ms_per_step,47.043447833,ms,lower_is_better,47.043447833,21.256945357,0,ok,ok,engine_runner_cli,work_unit_wall_sum_inline,10,large_pyramid,1,substeps=4; sleep=disabled; ccd=disabled; solver_defaults=avian; worker_count=10,rust_1_95_msvc_cargo_release,10,10,,,10,yes,,,,,,,,,,,600,28226.068700000,,,,,results/large-pyramid-16206/intel-core-i7-13700k/2026-10-05_1700_ddr5-4800_threads-1-2-3-4-5-6-8-10-12-14-16-24_r1/raw/avian3d/t10/avian3d_t10_raw.csv
2026-10-05_1700_ddr5-4800_threads-1-2-3-4-5-6-8-10-12-14-16-24_r1,avian3d,47d5948b2a8ee829848fbc3d4ce5e44ad0fd863f,windows,rust_1_95_msvc_cargo_release,large_pyramid_16206,headless_api,12,step,600,0,0,16211,16211,0,0,median_ms_per_step,44.030345333,ms,lower_is_better,44.030345333,22.711609287,0,ok,ok,engine_runner_cli,work_unit_wall_sum_inline,12,large_pyramid,1,substeps=4; sleep=disabled; ccd=disabled; solver_defaults=avian; worker_count=12,rust_1_95_msvc_cargo_release,12,12,,,12,yes,,,,,,,,,,,600,26418.207200000,,,,,results/large-pyramid-16206/intel-core-i7-13700k/2026-10-05_1700_ddr5-4800_threads-1-2-3-4-5-6-8-10-12-14-16-24_r1/raw/avian3d/t12/avian3d_t12_raw.csv
2026-10-05_1700_ddr5-4800_threads-1-2-3-4-5-6-8-10-12-14-16-24_r1,avian3d,47d5948b2a8ee829848fbc3d4ce5e44ad0fd863f,windows,rust_1_95_msvc_cargo_release,large_pyramid_16206,headless_api,14,step,600,0,0,16211,16211,0,0,median_ms_per_step,41.930389500,ms,lower_is_better,41.930389500,23.849051056,0,ok,ok,engine_runner_cli,work_unit_wall_sum_inline,14,large_pyramid,1,substeps=4; sleep=disabled; ccd=disabled; solver_defaults=avian; worker_count=14,rust_1_95_msvc_cargo_release,14,14,,,14,yes,,,,,,,,,,,600,25158.233700000,,,,,results/large-pyramid-16206/intel-core-i7-13700k/2026-10-05_1700_ddr5-4800_threads-1-2-3-4-5-6-8-10-12-14-16-24_r1/raw/avian3d/t14/avian3d_t14_raw.csv
2026-10-05_1700_ddr5-4800_threads-1-2-3-4-5-6-8-10-12-14-16-24_r1,avian3d,47d5948b2a8ee829848fbc3d4ce5e44ad0fd863f,windows,rust_1_95_msvc_cargo_release,large_pyramid_16206,headless_api,16,step,600,0,0,16211,16211,0,0,median_ms_per_step,41.148962167,ms,lower_is_better,41.148962167,24.301949487,0,ok,ok,engine_runner_cli,work_unit_wall_sum_inline,16,large_pyramid,1,substeps=4; sleep=disabled; ccd=disabled; solver_defaults=avian; worker_count=16,rust_1_95_msvc_cargo_release,16,16,,,16,yes,,,,,,,,,,,600,24689.377300000,,,,,results/large-pyramid-16206/intel-core-i7-13700k/2026-10-05_1700_ddr5-4800_threads-1-2-3-4-5-6-8-10-12-14-16-24_r1/raw/avian3d/t16/avian3d_t16_raw.csv
2026-10-05_1700_ddr5-4800_threads-1-2-3-4-5-6-8-10-12-14-16-24_r1,avian3d,47d5948b2a8ee829848fbc3d4ce5e44ad0fd863f,windows,rust_1_95_msvc_cargo_release,large_pyramid_16206,headless_api,24,step,600,0,0,16211,16211,0,0,median_ms_per_step,39.848117000,ms,lower_is_better,39.848117000,25.095288693,0,ok,ok,engine_runner_cli,work_unit_wall_sum_inline,24,large_pyramid,1,substeps=4; sleep=disabled; ccd=disabled; solver_defaults=avian; worker_count=24,rust_1_95_msvc_cargo_release,24,24,,,24,yes,,,,,,,,,,,600,23908.870200000,,,,,results/large-pyramid-16206/intel-core-i7-13700k/2026-10-05_1700_ddr5-4800_threads-1-2-3-4-5-6-8-10-12-14-16-24_r1/raw/avian3d/t24/avian3d_t24_raw.csv
2026-10-05_1700_ddr5-4800_threads-1-2-3-4-5-6-8-10-12-14-16-24_r1,bepuphysics2,c230dd1178d6f481d8b3f03c0f595f8ad910b725,windows,dotnet10_release_no_profiling_self_contained,large_pyramid_16206,headless_api,1,step,600,0,0,16211,16211,0,0,median_ms_per_step,46.608051167,ms,lower_is_better,46.608051167,21.455520559,0,ok,ok,engine_runner_cli,work_unit_wall_sum_inline,1,large_pyramid,1,velocity_iterations=1; substeps=4; linear_damping=0; angular_damping=0; sleep=disabled; ccd=disabled; deterministic=yes; worker_count=1,dotnet10_release_no_profiling_self_contained,1,1,,,1,yes,,,,,,,,,,,600,27964.830700000,,,,,results/large-pyramid-16206/intel-core-i7-13700k/2026-10-05_1700_ddr5-4800_threads-1-2-3-4-5-6-8-10-12-14-16-24_r1/raw/bepuphysics2/t1/bepuphysics2_t1_raw.csv
2026-10-05_1700_ddr5-4800_threads-1-2-3-4-5-6-8-10-12-14-16-24_r1,bepuphysics2,c230dd1178d6f481d8b3f03c0f595f8ad910b725,windows,dotnet10_release_no_profiling_self_contained,large_pyramid_16206,headless_api,2,step,600,0,0,16211,16211,0,0,median_ms_per_step,25.572388000,ms,lower_is_better,25.572388000,39.104678061,0,ok,ok,engine_runner_cli,work_unit_wall_sum_inline,2,large_pyramid,1,velocity_iterations=1; substeps=4; linear_damping=0; angular_damping=0; sleep=disabled; ccd=disabled; deterministic=yes; worker_count=2,dotnet10_release_no_profiling_self_contained,2,2,,,2,yes,,,,,,,,,,,600,15343.432800000,,,,,results/large-pyramid-16206/intel-core-i7-13700k/2026-10-05_1700_ddr5-4800_threads-1-2-3-4-5-6-8-10-12-14-16-24_r1/raw/bepuphysics2/t2/bepuphysics2_t2_raw.csv
2026-10-05_1700_ddr5-4800_threads-1-2-3-4-5-6-8-10-12-14-16-24_r1,bepuphysics2,c230dd1178d6f481d8b3f03c0f595f8ad910b725,windows,dotnet10_release_no_profiling_self_contained,large_pyramid_16206,headless_api,3,step,600,0,0,16211,16211,0,0,median_ms_per_step,19.096105000,ms,lower_is_better,19.096105000,52.366699911,0,ok,ok,engine_runner_cli,work_unit_wall_sum_inline,3,large_pyramid,1,velocity_iterations=1; substeps=4; linear_damping=0; angular_damping=0; sleep=disabled; ccd=disabled; deterministic=yes; worker_count=3,dotnet10_release_no_profiling_self_contained,3,3,,,3,yes,,,,,,,,,,,600,11457.663000000,,,,,results/large-pyramid-16206/intel-core-i7-13700k/2026-10-05_1700_ddr5-4800_threads-1-2-3-4-5-6-8-10-12-14-16-24_r1/raw/bepuphysics2/t3/bepuphysics2_t3_raw.csv
2026-10-05_1700_ddr5-4800_threads-1-2-3-4-5-6-8-10-12-14-16-24_r1,bepuphysics2,c230dd1178d6f481d8b3f03c0f595f8ad910b725,windows,dotnet10_release_no_profiling_self_contained,large_pyramid_16206,headless_api,4,step,600,0,0,16211,16211,0,0,median_ms_per_step,15.359713833,ms,lower_is_better,15.359713833,65.105379622,0,ok,ok,engine_runner_cli,work_unit_wall_sum_inline,4,large_pyramid,1,velocity_iterations=1; substeps=4; linear_damping=0; angular_damping=0; sleep=disabled; ccd=disabled; deterministic=yes; worker_count=4,dotnet10_release_no_profiling_self_contained,4,4,,,4,yes,,,,,,,,,,,600,9215.828300000,,,,,results/large-pyramid-16206/intel-core-i7-13700k/2026-10-05_1700_ddr5-4800_threads-1-2-3-4-5-6-8-10-12-14-16-24_r1/raw/bepuphysics2/t4/bepuphysics2_t4_raw.csv
2026-10-05_1700_ddr5-4800_threads-1-2-3-4-5-6-8-10-12-14-16-24_r1,bepuphysics2,c230dd1178d6f481d8b3f03c0f595f8ad910b725,windows,dotnet10_release_no_profiling_self_contained,large_pyramid_16206,headless_api,5,step,600,0,0,16211,16211,0,0,median_ms_per_step,13.259973333,ms,lower_is_better,13.259973333,75.414932961,0,ok,ok,engine_runner_cli,work_unit_wall_sum_inline,5,large_pyramid,1,velocity_iterations=1; substeps=4; linear_damping=0; angular_damping=0; sleep=disabled; ccd=disabled; deterministic=yes; worker_count=5,dotnet10_release_no_profiling_self_contained,5,5,,,5,yes,,,,,,,,,,,600,7955.984000000,,,,,results/large-pyramid-16206/intel-core-i7-13700k/2026-10-05_1700_ddr5-4800_threads-1-2-3-4-5-6-8-10-12-14-16-24_r1/raw/bepuphysics2/t5/bepuphysics2_t5_raw.csv
2026-10-05_1700_ddr5-4800_threads-1-2-3-4-5-6-8-10-12-14-16-24_r1,bepuphysics2,c230dd1178d6f481d8b3f03c0f595f8ad910b725,windows,dotnet10_release_no_profiling_self_contained,large_pyramid_16206,headless_api,6,step,600,0,0,16211,16211,0,0,median_ms_per_step,11.640369333,ms,lower_is_better,11.640369333,85.907927091,0,ok,ok,engine_runner_cli,work_unit_wall_sum_inline,6,large_pyramid,1,velocity_iterations=1; substeps=4; linear_damping=0; angular_damping=0; sleep=disabled; ccd=disabled; deterministic=yes; worker_count=6,dotnet10_release_no_profiling_self_contained,6,6,,,6,yes,,,,,,,,,,,600,6984.221600000,,,,,results/large-pyramid-16206/intel-core-i7-13700k/2026-10-05_1700_ddr5-4800_threads-1-2-3-4-5-6-8-10-12-14-16-24_r1/raw/bepuphysics2/t6/bepuphysics2_t6_raw.csv
2026-10-05_1700_ddr5-4800_threads-1-2-3-4-5-6-8-10-12-14-16-24_r1,bepuphysics2,c230dd1178d6f481d8b3f03c0f595f8ad910b725,windows,dotnet10_release_no_profiling_self_contained,large_pyramid_16206,headless_api,8,step,600,0,0,16211,16211,0,0,median_ms_per_step,9.829277500,ms,lower_is_better,9.829277500,101.736877405,0,ok,ok,engine_runner_cli,work_unit_wall_sum_inline,8,large_pyramid,1,velocity_iterations=1; substeps=4; linear_damping=0; angular_damping=0; sleep=disabled; ccd=disabled; deterministic=yes; worker_count=8,dotnet10_release_no_profiling_self_contained,8,8,,,8,yes,,,,,,,,,,,600,5897.566500000,,,,,results/large-pyramid-16206/intel-core-i7-13700k/2026-10-05_1700_ddr5-4800_threads-1-2-3-4-5-6-8-10-12-14-16-24_r1/raw/bepuphysics2/t8/bepuphysics2_t8_raw.csv
2026-10-05_1700_ddr5-4800_threads-1-2-3-4-5-6-8-10-12-14-16-24_r1,bepuphysics2,c230dd1178d6f481d8b3f03c0f595f8ad910b725,windows,dotnet10_release_no_profiling_self_contained,large_pyramid_16206,headless_api,10,step,600,0,0,16211,16211,0,0,median_ms_per_step,10.638218500,ms,lower_is_better,10.638218500,94.000701339,0,ok,ok,engine_runner_cli,work_unit_wall_sum_inline,10,large_pyramid,1,velocity_iterations=1; substeps=4; linear_damping=0; angular_damping=0; sleep=disabled; ccd=disabled; deterministic=yes; worker_count=10,dotnet10_release_no_profiling_self_contained,10,10,,,10,yes,,,,,,,,,,,600,6382.931100000,,,,,results/large-pyramid-16206/intel-core-i7-13700k/2026-10-05_1700_ddr5-4800_threads-1-2-3-4-5-6-8-10-12-14-16-24_r1/raw/bepuphysics2/t10/bepuphysics2_t10_raw.csv
2026-10-05_1700_ddr5-4800_threads-1-2-3-4-5-6-8-10-12-14-16-24_r1,bepuphysics2,c230dd1178d6f481d8b3f03c0f595f8ad910b725,windows,dotnet10_release_no_profiling_self_contained,large_pyramid_16206,headless_api,12,step,600,0,0,16211,16211,0,0,median_ms_per_step,10.905513000,ms,lower_is_better,10.905513000,91.696740905,0,ok,ok,engine_runner_cli,work_unit_wall_sum_inline,12,large_pyramid,1,velocity_iterations=1; substeps=4; linear_damping=0; angular_damping=0; sleep=disabled; ccd=disabled; deterministic=yes; worker_count=12,dotnet10_release_no_profiling_self_contained,12,12,,,12,yes,,,,,,,,,,,600,6543.307800000,,,,,results/large-pyramid-16206/intel-core-i7-13700k/2026-10-05_1700_ddr5-4800_threads-1-2-3-4-5-6-8-10-12-14-16-24_r1/raw/bepuphysics2/t12/bepuphysics2_t12_raw.csv
2026-10-05_1700_ddr5-4800_threads-1-2-3-4-5-6-8-10-12-14-16-24_r1,bepuphysics2,c230dd1178d6f481d8b3f03c0f595f8ad910b725,windows,dotnet10_release_no_profiling_self_contained,large_pyramid_16206,headless_api,14,step,600,0,0,16211,16211,0,0,median_ms_per_step,10.482104667,ms,lower_is_better,10.482104667,95.400688297,0,ok,ok,engine_runner_cli,work_unit_wall_sum_inline,14,large_pyramid,1,velocity_iterations=1; substeps=4; linear_damping=0; angular_damping=0; sleep=disabled; ccd=disabled; deterministic=yes; worker_count=14,dotnet10_release_no_profiling_self_contained,14,14,,,14,yes,,,,,,,,,,,600,6289.262800000,,,,,results/large-pyramid-16206/intel-core-i7-13700k/2026-10-05_1700_ddr5-4800_threads-1-2-3-4-5-6-8-10-12-14-16-24_r1/raw/bepuphysics2/t14/bepuphysics2_t14_raw.csv
2026-10-05_1700_ddr5-4800_threads-1-2-3-4-5-6-8-10-12-14-16-24_r1,bepuphysics2,c230dd1178d6f481d8b3f03c0f595f8ad910b725,windows,dotnet10_release_no_profiling_self_contained,large_pyramid_16206,headless_api,16,step,600,0,0,16211,16211,0,0,median_ms_per_step,9.985086500,ms,lower_is_better,9.985086500,100.149357745,0,ok,ok,engine_runner_cli,work_unit_wall_sum_inline,16,large_pyramid,1,velocity_iterations=1; substeps=4; linear_damping=0; angular_damping=0; sleep=disabled; ccd=disabled; deterministic=yes; worker_count=16,dotnet10_release_no_profiling_self_contained,16,16,,,16,yes,,,,,,,,,,,600,5991.051900000,,,,,results/large-pyramid-16206/intel-core-i7-13700k/2026-10-05_1700_ddr5-4800_threads-1-2-3-4-5-6-8-10-12-14-16-24_r1/raw/bepuphysics2/t16/bepuphysics2_t16_raw.csv
2026-10-05_1700_ddr5-4800_threads-1-2-3-4-5-6-8-10-12-14-16-24_r1,bepuphysics2,c230dd1178d6f481d8b3f03c0f595f8ad910b725,windows,dotnet10_release_no_profiling_self_contained,large_pyramid_16206,headless_api,24,step,600,0,0,16211,16211,0,0,median_ms_per_step,9.230359000,ms,lower_is_better,9.230359000,108.338148061,0,ok,ok,engine_runner_cli,work_unit_wall_sum_inline,24,large_pyramid,1,velocity_iterations=1; substeps=4; linear_damping=0; angular_damping=0; sleep=disabled; ccd=disabled; deterministic=yes; worker_count=24,dotnet10_release_no_profiling_self_contained,24,24,,,24,yes,,,,,,,,,,,600,5538.215400000,,,,,results/large-pyramid-16206/intel-core-i7-13700k/2026-10-05_1700_ddr5-4800_threads-1-2-3-4-5-6-8-10-12-14-16-24_r1/raw/bepuphysics2/t24/bepuphysics2_t24_raw.csv
2026-10-05_1700_ddr5-4800_threads-1-2-3-4-5-6-8-10-12-14-16-24_r1,box3d,9e5a4cde862fba95ff19f096b79567f3ea6c01fd,windows,windows_clang_cl_release,large_pyramid_16206,headless_api,1,step,600,0,0,16211,16211,0,0,median_ms_per_step,66.458726667,ms,lower_is_better,66.458726667,15.046932888,0,ok,ok,engine_runner_cli,work_unit_wall_sum_inline,1,large_pyramid,1,substeps=4; sleep=disabled; ccd=disabled; worker_count=0,windows_clang_cl_release,1,0,,,0,yes,,,,,,,,,,,600,39875.236000000,,,,,results/large-pyramid-16206/intel-core-i7-13700k/2026-10-05_1700_ddr5-4800_threads-1-2-3-4-5-6-8-10-12-14-16-24_r1/raw/box3d/t1/box3d_t1_raw.csv
2026-10-05_1700_ddr5-4800_threads-1-2-3-4-5-6-8-10-12-14-16-24_r1,box3d,9e5a4cde862fba95ff19f096b79567f3ea6c01fd,windows,windows_clang_cl_release,large_pyramid_16206,headless_api,2,step,600,0,0,16211,16211,0,0,median_ms_per_step,35.260437167,ms,lower_is_better,35.260437167,28.360397101,0,ok,ok,engine_runner_cli,work_unit_wall_sum_inline,2,large_pyramid,1,substeps=4; sleep=disabled; ccd=disabled; worker_count=1,windows_clang_cl_release,2,1,,,1,yes,,,,,,,,,,,600,21156.262300000,,,,,results/large-pyramid-16206/intel-core-i7-13700k/2026-10-05_1700_ddr5-4800_threads-1-2-3-4-5-6-8-10-12-14-16-24_r1/raw/box3d/t2/box3d_t2_raw.csv
2026-10-05_1700_ddr5-4800_threads-1-2-3-4-5-6-8-10-12-14-16-24_r1,box3d,9e5a4cde862fba95ff19f096b79567f3ea6c01fd,windows,windows_clang_cl_release,large_pyramid_16206,headless_api,3,step,600,0,0,16211,16211,0,0,median_ms_per_step,25.953738000,ms,lower_is_better,25.953738000,38.530095357,0,ok,ok,engine_runner_cli,work_unit_wall_sum_inline,3,large_pyramid,1,substeps=4; sleep=disabled; ccd=disabled; worker_count=2,windows_clang_cl_release,3,2,,,2,yes,,,,,,,,,,,600,15572.242800000,,,,,results/large-pyramid-16206/intel-core-i7-13700k/2026-10-05_1700_ddr5-4800_threads-1-2-3-4-5-6-8-10-12-14-16-24_r1/raw/box3d/t3/box3d_t3_raw.csv
2026-10-05_1700_ddr5-4800_threads-1-2-3-4-5-6-8-10-12-14-16-24_r1,box3d,9e5a4cde862fba95ff19f096b79567f3ea6c01fd,windows,windows_clang_cl_release,large_pyramid_16206,headless_api,4,step,600,0,0,16211,16211,0,0,median_ms_per_step,20.575967000,ms,lower_is_better,20.575967000,48.600388988,0,ok,ok,engine_runner_cli,work_unit_wall_sum_inline,4,large_pyramid,1,substeps=4; sleep=disabled; ccd=disabled; worker_count=3,windows_clang_cl_release,4,3,,,3,yes,,,,,,,,,,,600,12345.580200000,,,,,results/large-pyramid-16206/intel-core-i7-13700k/2026-10-05_1700_ddr5-4800_threads-1-2-3-4-5-6-8-10-12-14-16-24_r1/raw/box3d/t4/box3d_t4_raw.csv
2026-10-05_1700_ddr5-4800_threads-1-2-3-4-5-6-8-10-12-14-16-24_r1,box3d,9e5a4cde862fba95ff19f096b79567f3ea6c01fd,windows,windows_clang_cl_release,large_pyramid_16206,headless_api,5,step,600,0,0,16211,16211,0,0,median_ms_per_step,17.225471500,ms,lower_is_better,17.225471500,58.053563294,0,ok,ok,engine_runner_cli,work_unit_wall_sum_inline,5,large_pyramid,1,substeps=4; sleep=disabled; ccd=disabled; worker_count=4,windows_clang_cl_release,5,4,,,4,yes,,,,,,,,,,,600,10335.282900000,,,,,results/large-pyramid-16206/intel-core-i7-13700k/2026-10-05_1700_ddr5-4800_threads-1-2-3-4-5-6-8-10-12-14-16-24_r1/raw/box3d/t5/box3d_t5_raw.csv
2026-10-05_1700_ddr5-4800_threads-1-2-3-4-5-6-8-10-12-14-16-24_r1,box3d,9e5a4cde862fba95ff19f096b79567f3ea6c01fd,windows,windows_clang_cl_release,large_pyramid_16206,headless_api,6,step,600,0,0,16211,16211,0,0,median_ms_per_step,14.931889167,ms,lower_is_better,14.931889167,66.970762295,0,ok,ok,engine_runner_cli,work_unit_wall_sum_inline,6,large_pyramid,1,substeps=4; sleep=disabled; ccd=disabled; worker_count=5,windows_clang_cl_release,6,5,,,5,yes,,,,,,,,,,,600,8959.133500000,,,,,results/large-pyramid-16206/intel-core-i7-13700k/2026-10-05_1700_ddr5-4800_threads-1-2-3-4-5-6-8-10-12-14-16-24_r1/raw/box3d/t6/box3d_t6_raw.csv
2026-10-05_1700_ddr5-4800_threads-1-2-3-4-5-6-8-10-12-14-16-24_r1,box3d,9e5a4cde862fba95ff19f096b79567f3ea6c01fd,windows,windows_clang_cl_release,large_pyramid_16206,headless_api,8,step,600,0,0,16211,16211,0,0,median_ms_per_step,11.766654333,ms,lower_is_better,11.766654333,84.985924773,0,ok,ok,engine_runner_cli,work_unit_wall_sum_inline,8,large_pyramid,1,substeps=4; sleep=disabled; ccd=disabled; worker_count=7,windows_clang_cl_release,8,7,,,7,yes,,,,,,,,,,,600,7059.992600000,,,,,results/large-pyramid-16206/intel-core-i7-13700k/2026-10-05_1700_ddr5-4800_threads-1-2-3-4-5-6-8-10-12-14-16-24_r1/raw/box3d/t8/box3d_t8_raw.csv
2026-10-05_1700_ddr5-4800_threads-1-2-3-4-5-6-8-10-12-14-16-24_r1,box3d,9e5a4cde862fba95ff19f096b79567f3ea6c01fd,windows,windows_clang_cl_release,large_pyramid_16206,headless_api,10,step,600,0,0,16211,16211,0,0,median_ms_per_step,11.024038667,ms,lower_is_better,11.024038667,90.710857449,0,ok,ok,engine_runner_cli,work_unit_wall_sum_inline,10,large_pyramid,1,substeps=4; sleep=disabled; ccd=disabled; worker_count=9,windows_clang_cl_release,10,9,,,9,yes,,,,,,,,,,,600,6614.423200000,,,,,results/large-pyramid-16206/intel-core-i7-13700k/2026-10-05_1700_ddr5-4800_threads-1-2-3-4-5-6-8-10-12-14-16-24_r1/raw/box3d/t10/box3d_t10_raw.csv
2026-10-05_1700_ddr5-4800_threads-1-2-3-4-5-6-8-10-12-14-16-24_r1,box3d,9e5a4cde862fba95ff19f096b79567f3ea6c01fd,windows,windows_clang_cl_release,large_pyramid_16206,headless_api,12,step,600,0,0,16211,16211,0,0,median_ms_per_step,10.389374667,ms,lower_is_better,10.389374667,96.252183802,0,ok,ok,engine_runner_cli,work_unit_wall_sum_inline,12,large_pyramid,1,substeps=4; sleep=disabled; ccd=disabled; worker_count=11,windows_clang_cl_release,12,11,,,11,yes,,,,,,,,,,,600,6233.624800000,,,,,results/large-pyramid-16206/intel-core-i7-13700k/2026-10-05_1700_ddr5-4800_threads-1-2-3-4-5-6-8-10-12-14-16-24_r1/raw/box3d/t12/box3d_t12_raw.csv
2026-10-05_1700_ddr5-4800_threads-1-2-3-4-5-6-8-10-12-14-16-24_r1,box3d,9e5a4cde862fba95ff19f096b79567f3ea6c01fd,windows,windows_clang_cl_release,large_pyramid_16206,headless_api,14,step,600,0,0,16211,16211,0,0,median_ms_per_step,9.863798667,ms,lower_is_better,9.863798667,101.380820290,0,ok,ok,engine_runner_cli,work_unit_wall_sum_inline,14,large_pyramid,1,substeps=4; sleep=disabled; ccd=disabled; worker_count=13,windows_clang_cl_release,14,13,,,13,yes,,,,,,,,,,,600,5918.279200000,,,,,results/large-pyramid-16206/intel-core-i7-13700k/2026-10-05_1700_ddr5-4800_threads-1-2-3-4-5-6-8-10-12-14-16-24_r1/raw/box3d/t14/box3d_t14_raw.csv
2026-10-05_1700_ddr5-4800_threads-1-2-3-4-5-6-8-10-12-14-16-24_r1,box3d,9e5a4cde862fba95ff19f096b79567f3ea6c01fd,windows,windows_clang_cl_release,large_pyramid_16206,headless_api,16,step,600,0,0,16211,16211,0,0,median_ms_per_step,9.513979833,ms,lower_is_better,9.513979833,105.108484306,0,ok,ok,engine_runner_cli,work_unit_wall_sum_inline,16,large_pyramid,1,substeps=4; sleep=disabled; ccd=disabled; worker_count=15,windows_clang_cl_release,16,15,,,15,yes,,,,,,,,,,,600,5708.387900000,,,,,results/large-pyramid-16206/intel-core-i7-13700k/2026-10-05_1700_ddr5-4800_threads-1-2-3-4-5-6-8-10-12-14-16-24_r1/raw/box3d/t16/box3d_t16_raw.csv
2026-10-05_1700_ddr5-4800_threads-1-2-3-4-5-6-8-10-12-14-16-24_r1,box3d,9e5a4cde862fba95ff19f096b79567f3ea6c01fd,windows,windows_clang_cl_release,large_pyramid_16206,headless_api,24,step,600,0,0,16211,16211,0,0,median_ms_per_step,9.034948167,ms,lower_is_better,9.034948167,110.681321193,0,ok,ok,engine_runner_cli,work_unit_wall_sum_inline,24,large_pyramid,1,substeps=4; sleep=disabled; ccd=disabled; worker_count=23,windows_clang_cl_release,24,23,,,23,yes,,,,,,,,,,,600,5420.968900000,,,,,results/large-pyramid-16206/intel-core-i7-13700k/2026-10-05_1700_ddr5-4800_threads-1-2-3-4-5-6-8-10-12-14-16-24_r1/raw/box3d/t24/box3d_t24_raw.csv
2026-10-05_1700_ddr5-4800_threads-1-2-3-4-5-6-8-10-12-14-16-24_r1,entasis,c380d34c57cf83e1cb481d712de4460d16c08774,windows,odin_dev_2026_09_windows_amd64_v3,large_pyramid_16206,headless_api,1,step,600,0,0,16211,16211,0,0,median_ms_per_step,35.082630667,ms,lower_is_better,35.082630667,28.504133841,0,ok,ok,engine_runner_cli,work_unit_wall_sum_inline,1,large_pyramid,1,velocity_iterations=1; substeps=4; linear_damping=0; angular_damping=0; sleep=disabled; ccd=discrete; friction=0.5; restitution=0; worker_count=0,odin_dev_2026_09_windows_amd64_v3,1,0,,,0,yes,,,,,,,,,,,600,21049.578400000,,,,,results/large-pyramid-16206/intel-core-i7-13700k/2026-10-05_1700_ddr5-4800_threads-1-2-3-4-5-6-8-10-12-14-16-24_r1/raw/entasis/t1/entasis_t1_raw.csv
2026-10-05_1700_ddr5-4800_threads-1-2-3-4-5-6-8-10-12-14-16-24_r1,entasis,c380d34c57cf83e1cb481d712de4460d16c08774,windows,odin_dev_2026_09_windows_amd64_v3,large_pyramid_16206,headless_api,2,step,600,0,0,16211,16211,0,0,median_ms_per_step,19.872438333,ms,lower_is_better,19.872438333,50.320951220,0,ok,ok,engine_runner_cli,work_unit_wall_sum_inline,2,large_pyramid,1,velocity_iterations=1; substeps=4; linear_damping=0; angular_damping=0; sleep=disabled; ccd=discrete; friction=0.5; restitution=0; worker_count=1,odin_dev_2026_09_windows_amd64_v3,2,1,,,1,yes,,,,,,,,,,,600,11923.463000000,,,,,results/large-pyramid-16206/intel-core-i7-13700k/2026-10-05_1700_ddr5-4800_threads-1-2-3-4-5-6-8-10-12-14-16-24_r1/raw/entasis/t2/entasis_t2_raw.csv
2026-10-05_1700_ddr5-4800_threads-1-2-3-4-5-6-8-10-12-14-16-24_r1,entasis,c380d34c57cf83e1cb481d712de4460d16c08774,windows,odin_dev_2026_09_windows_amd64_v3,large_pyramid_16206,headless_api,3,step,600,0,0,16211,16211,0,0,median_ms_per_step,14.817430333,ms,lower_is_better,14.817430333,67.488085147,0,ok,ok,engine_runner_cli,work_unit_wall_sum_inline,3,large_pyramid,1,velocity_iterations=1; substeps=4; linear_damping=0; angular_damping=0; sleep=disabled; ccd=discrete; friction=0.5; restitution=0; worker_count=2,odin_dev_2026_09_windows_amd64_v3,3,2,,,2,yes,,,,,,,,,,,600,8890.458200000,,,,,results/large-pyramid-16206/intel-core-i7-13700k/2026-10-05_1700_ddr5-4800_threads-1-2-3-4-5-6-8-10-12-14-16-24_r1/raw/entasis/t3/entasis_t3_raw.csv
2026-10-05_1700_ddr5-4800_threads-1-2-3-4-5-6-8-10-12-14-16-24_r1,entasis,c380d34c57cf83e1cb481d712de4460d16c08774,windows,odin_dev_2026_09_windows_amd64_v3,large_pyramid_16206,headless_api,4,step,600,0,0,16211,16211,0,0,median_ms_per_step,12.044912167,ms,lower_is_better,12.044912167,83.022606239,0,ok,ok,engine_runner_cli,work_unit_wall_sum_inline,4,large_pyramid,1,velocity_iterations=1; substeps=4; linear_damping=0; angular_damping=0; sleep=disabled; ccd=discrete; friction=0.5; restitution=0; worker_count=3,odin_dev_2026_09_windows_amd64_v3,4,3,,,3,yes,,,,,,,,,,,600,7226.947300000,,,,,results/large-pyramid-16206/intel-core-i7-13700k/2026-10-05_1700_ddr5-4800_threads-1-2-3-4-5-6-8-10-12-14-16-24_r1/raw/entasis/t4/entasis_t4_raw.csv
2026-10-05_1700_ddr5-4800_threads-1-2-3-4-5-6-8-10-12-14-16-24_r1,entasis,c380d34c57cf83e1cb481d712de4460d16c08774,windows,odin_dev_2026_09_windows_amd64_v3,large_pyramid_16206,headless_api,5,step,600,0,0,16211,16211,0,0,median_ms_per_step,10.340787500,ms,lower_is_better,10.340787500,96.704433777,0,ok,ok,engine_runner_cli,work_unit_wall_sum_inline,5,large_pyramid,1,velocity_iterations=1; substeps=4; linear_damping=0; angular_damping=0; sleep=disabled; ccd=discrete; friction=0.5; restitution=0; worker_count=4,odin_dev_2026_09_windows_amd64_v3,5,4,,,4,yes,,,,,,,,,,,600,6204.472500000,,,,,results/large-pyramid-16206/intel-core-i7-13700k/2026-10-05_1700_ddr5-4800_threads-1-2-3-4-5-6-8-10-12-14-16-24_r1/raw/entasis/t5/entasis_t5_raw.csv
2026-10-05_1700_ddr5-4800_threads-1-2-3-4-5-6-8-10-12-14-16-24_r1,entasis,c380d34c57cf83e1cb481d712de4460d16c08774,windows,odin_dev_2026_09_windows_amd64_v3,large_pyramid_16206,headless_api,6,step,600,0,0,16211,16211,0,0,median_ms_per_step,9.078964167,ms,lower_is_better,9.078964167,110.144723742,0,ok,ok,engine_runner_cli,work_unit_wall_sum_inline,6,large_pyramid,1,velocity_iterations=1; substeps=4; linear_damping=0; angular_damping=0; sleep=disabled; ccd=discrete; friction=0.5; restitution=0; worker_count=5,odin_dev_2026_09_windows_amd64_v3,6,5,,,5,yes,,,,,,,,,,,600,5447.378500000,,,,,results/large-pyramid-16206/intel-core-i7-13700k/2026-10-05_1700_ddr5-4800_threads-1-2-3-4-5-6-8-10-12-14-16-24_r1/raw/entasis/t6/entasis_t6_raw.csv
2026-10-05_1700_ddr5-4800_threads-1-2-3-4-5-6-8-10-12-14-16-24_r1,entasis,c380d34c57cf83e1cb481d712de4460d16c08774,windows,odin_dev_2026_09_windows_amd64_v3,large_pyramid_16206,headless_api,8,step,600,0,0,16211,16211,0,0,median_ms_per_step,7.717701167,ms,lower_is_better,7.717701167,129.572262310,0,ok,ok,engine_runner_cli,work_unit_wall_sum_inline,8,large_pyramid,1,velocity_iterations=1; substeps=4; linear_damping=0; angular_damping=0; sleep=disabled; ccd=discrete; friction=0.5; restitution=0; worker_count=7,odin_dev_2026_09_windows_amd64_v3,8,7,,,7,yes,,,,,,,,,,,600,4630.620700000,,,,,results/large-pyramid-16206/intel-core-i7-13700k/2026-10-05_1700_ddr5-4800_threads-1-2-3-4-5-6-8-10-12-14-16-24_r1/raw/entasis/t8/entasis_t8_raw.csv
2026-10-05_1700_ddr5-4800_threads-1-2-3-4-5-6-8-10-12-14-16-24_r1,entasis,c380d34c57cf83e1cb481d712de4460d16c08774,windows,odin_dev_2026_09_windows_amd64_v3,large_pyramid_16206,headless_api,10,step,600,0,0,16211,16211,0,0,median_ms_per_step,8.797474667,ms,lower_is_better,8.797474667,113.668983190,0,ok,ok,engine_runner_cli,work_unit_wall_sum_inline,10,large_pyramid,1,velocity_iterations=1; substeps=4; linear_damping=0; angular_damping=0; sleep=disabled; ccd=discrete; friction=0.5; restitution=0; worker_count=9,odin_dev_2026_09_windows_amd64_v3,10,9,,,9,yes,,,,,,,,,,,600,5278.484800000,,,,,results/large-pyramid-16206/intel-core-i7-13700k/2026-10-05_1700_ddr5-4800_threads-1-2-3-4-5-6-8-10-12-14-16-24_r1/raw/entasis/t10/entasis_t10_raw.csv
2026-10-05_1700_ddr5-4800_threads-1-2-3-4-5-6-8-10-12-14-16-24_r1,entasis,c380d34c57cf83e1cb481d712de4460d16c08774,windows,odin_dev_2026_09_windows_amd64_v3,large_pyramid_16206,headless_api,12,step,600,0,0,16211,16211,0,0,median_ms_per_step,8.927270667,ms,lower_is_better,8.927270667,112.016319135,0,ok,ok,engine_runner_cli,work_unit_wall_sum_inline,12,large_pyramid,1,velocity_iterations=1; substeps=4; linear_damping=0; angular_damping=0; sleep=disabled; ccd=discrete; friction=0.5; restitution=0; worker_count=11,odin_dev_2026_09_windows_amd64_v3,12,11,,,11,yes,,,,,,,,,,,600,5356.362400000,,,,,results/large-pyramid-16206/intel-core-i7-13700k/2026-10-05_1700_ddr5-4800_threads-1-2-3-4-5-6-8-10-12-14-16-24_r1/raw/entasis/t12/entasis_t12_raw.csv
2026-10-05_1700_ddr5-4800_threads-1-2-3-4-5-6-8-10-12-14-16-24_r1,entasis,c380d34c57cf83e1cb481d712de4460d16c08774,windows,odin_dev_2026_09_windows_amd64_v3,large_pyramid_16206,headless_api,14,step,600,0,0,16211,16211,0,0,median_ms_per_step,8.790550333,ms,lower_is_better,8.790550333,113.758520466,0,ok,ok,engine_runner_cli,work_unit_wall_sum_inline,14,large_pyramid,1,velocity_iterations=1; substeps=4; linear_damping=0; angular_damping=0; sleep=disabled; ccd=discrete; friction=0.5; restitution=0; worker_count=13,odin_dev_2026_09_windows_amd64_v3,14,13,,,13,yes,,,,,,,,,,,600,5274.330200000,,,,,results/large-pyramid-16206/intel-core-i7-13700k/2026-10-05_1700_ddr5-4800_threads-1-2-3-4-5-6-8-10-12-14-16-24_r1/raw/entasis/t14/entasis_t14_raw.csv
2026-10-05_1700_ddr5-4800_threads-1-2-3-4-5-6-8-10-12-14-16-24_r1,entasis,c380d34c57cf83e1cb481d712de4460d16c08774,windows,odin_dev_2026_09_windows_amd64_v3,large_pyramid_16206,headless_api,16,step,600,0,0,16211,16211,0,0,median_ms_per_step,8.425755667,ms,lower_is_better,8.425755667,118.683716875,0,ok,ok,engine_runner_cli,work_unit_wall_sum_inline,16,large_pyramid,1,velocity_iterations=1; substeps=4; linear_damping=0; angular_damping=0; sleep=disabled; ccd=discrete; friction=0.5; restitution=0; worker_count=15,odin_dev_2026_09_windows_amd64_v3,16,15,,,15,yes,,,,,,,,,,,600,5055.453400000,,,,,results/large-pyramid-16206/intel-core-i7-13700k/2026-10-05_1700_ddr5-4800_threads-1-2-3-4-5-6-8-10-12-14-16-24_r1/raw/entasis/t16/entasis_t16_raw.csv
2026-10-05_1700_ddr5-4800_threads-1-2-3-4-5-6-8-10-12-14-16-24_r1,entasis,c380d34c57cf83e1cb481d712de4460d16c08774,windows,odin_dev_2026_09_windows_amd64_v3,large_pyramid_16206,headless_api,24,step,600,0,0,16211,16211,0,0,median_ms_per_step,7.768475833,ms,lower_is_better,7.768475833,128.725379528,0,ok,ok,engine_runner_cli,work_unit_wall_sum_inline,24,large_pyramid,1,velocity_iterations=1; substeps=4; linear_damping=0; angular_damping=0; sleep=disabled; ccd=discrete; friction=0.5; restitution=0; worker_count=23,odin_dev_2026_09_windows_amd64_v3,24,23,,,23,yes,,,,,,,,,,,600,4661.085500000,,,,,results/large-pyramid-16206/intel-core-i7-13700k/2026-10-05_1700_ddr5-4800_threads-1-2-3-4-5-6-8-10-12-14-16-24_r1/raw/entasis/t24/entasis_t24_raw.csv
2026-10-05_1700_ddr5-4800_threads-1-2-3-4-5-6-8-10-12-14-16-24_r1,joltphysics,82b24442917ba8d9ced3582c2f2d8a49f4c969f6,windows,windows_clang_cl_distribution,large_pyramid_16206,headless_api,1,step,600,0,0,16211,16211,0,0,median_ms_per_step,128.657617167,ms,lower_is_better,128.657617167,7.772567393,0,ok,ok,engine_runner_cli,work_unit_wall_sum_inline,1,large_pyramid,1,velocity_iterations=4; position_iterations=1; collision_steps=1; sleep=disabled; ccd=disabled; linear_damping=0.05; angular_damping=0.05; worker_count=0,windows_clang_cl_distribution,1,0,,,0,yes,,,,,,,,,,,600,77194.570300000,,,,,results/large-pyramid-16206/intel-core-i7-13700k/2026-10-05_1700_ddr5-4800_threads-1-2-3-4-5-6-8-10-12-14-16-24_r1/raw/joltphysics/t1/joltphysics_t1_raw.csv
2026-10-05_1700_ddr5-4800_threads-1-2-3-4-5-6-8-10-12-14-16-24_r1,joltphysics,82b24442917ba8d9ced3582c2f2d8a49f4c969f6,windows,windows_clang_cl_distribution,large_pyramid_16206,headless_api,2,step,600,0,0,16211,16211,0,0,median_ms_per_step,72.940827833,ms,lower_is_better,72.940827833,13.709742948,0,ok,ok,engine_runner_cli,work_unit_wall_sum_inline,2,large_pyramid,1,velocity_iterations=4; position_iterations=1; collision_steps=1; sleep=disabled; ccd=disabled; linear_damping=0.05; angular_damping=0.05; worker_count=1,windows_clang_cl_distribution,2,1,,,1,yes,,,,,,,,,,,600,43764.496700000,,,,,results/large-pyramid-16206/intel-core-i7-13700k/2026-10-05_1700_ddr5-4800_threads-1-2-3-4-5-6-8-10-12-14-16-24_r1/raw/joltphysics/t2/joltphysics_t2_raw.csv
2026-10-05_1700_ddr5-4800_threads-1-2-3-4-5-6-8-10-12-14-16-24_r1,joltphysics,82b24442917ba8d9ced3582c2f2d8a49f4c969f6,windows,windows_clang_cl_distribution,large_pyramid_16206,headless_api,3,step,600,0,0,16211,16211,0,0,median_ms_per_step,53.196354333,ms,lower_is_better,53.196354333,18.798280682,0,ok,ok,engine_runner_cli,work_unit_wall_sum_inline,3,large_pyramid,1,velocity_iterations=4; position_iterations=1; collision_steps=1; sleep=disabled; ccd=disabled; linear_damping=0.05; angular_damping=0.05; worker_count=2,windows_clang_cl_distribution,3,2,,,2,yes,,,,,,,,,,,600,31917.812600000,,,,,results/large-pyramid-16206/intel-core-i7-13700k/2026-10-05_1700_ddr5-4800_threads-1-2-3-4-5-6-8-10-12-14-16-24_r1/raw/joltphysics/t3/joltphysics_t3_raw.csv
2026-10-05_1700_ddr5-4800_threads-1-2-3-4-5-6-8-10-12-14-16-24_r1,joltphysics,82b24442917ba8d9ced3582c2f2d8a49f4c969f6,windows,windows_clang_cl_distribution,large_pyramid_16206,headless_api,4,step,600,0,0,16211,16211,0,0,median_ms_per_step,43.452032333,ms,lower_is_better,43.452032333,23.013883271,0,ok,ok,engine_runner_cli,work_unit_wall_sum_inline,4,large_pyramid,1,velocity_iterations=4; position_iterations=1; collision_steps=1; sleep=disabled; ccd=disabled; linear_damping=0.05; angular_damping=0.05; worker_count=3,windows_clang_cl_distribution,4,3,,,3,yes,,,,,,,,,,,600,26071.219400000,,,,,results/large-pyramid-16206/intel-core-i7-13700k/2026-10-05_1700_ddr5-4800_threads-1-2-3-4-5-6-8-10-12-14-16-24_r1/raw/joltphysics/t4/joltphysics_t4_raw.csv
2026-10-05_1700_ddr5-4800_threads-1-2-3-4-5-6-8-10-12-14-16-24_r1,joltphysics,82b24442917ba8d9ced3582c2f2d8a49f4c969f6,windows,windows_clang_cl_distribution,large_pyramid_16206,headless_api,5,step,600,0,0,16211,16211,0,0,median_ms_per_step,38.212843667,ms,lower_is_better,38.212843667,26.169211816,0,ok,ok,engine_runner_cli,work_unit_wall_sum_inline,5,large_pyramid,1,velocity_iterations=4; position_iterations=1; collision_steps=1; sleep=disabled; ccd=disabled; linear_damping=0.05; angular_damping=0.05; worker_count=4,windows_clang_cl_distribution,5,4,,,4,yes,,,,,,,,,,,600,22927.706200000,,,,,results/large-pyramid-16206/intel-core-i7-13700k/2026-10-05_1700_ddr5-4800_threads-1-2-3-4-5-6-8-10-12-14-16-24_r1/raw/joltphysics/t5/joltphysics_t5_raw.csv
2026-10-05_1700_ddr5-4800_threads-1-2-3-4-5-6-8-10-12-14-16-24_r1,joltphysics,82b24442917ba8d9ced3582c2f2d8a49f4c969f6,windows,windows_clang_cl_distribution,large_pyramid_16206,headless_api,6,step,600,0,0,16211,16211,0,0,median_ms_per_step,34.336980833,ms,lower_is_better,34.336980833,29.123119614,0,ok,ok,engine_runner_cli,work_unit_wall_sum_inline,6,large_pyramid,1,velocity_iterations=4; position_iterations=1; collision_steps=1; sleep=disabled; ccd=disabled; linear_damping=0.05; angular_damping=0.05; worker_count=5,windows_clang_cl_distribution,6,5,,,5,yes,,,,,,,,,,,600,20602.188500000,,,,,results/large-pyramid-16206/intel-core-i7-13700k/2026-10-05_1700_ddr5-4800_threads-1-2-3-4-5-6-8-10-12-14-16-24_r1/raw/joltphysics/t6/joltphysics_t6_raw.csv
2026-10-05_1700_ddr5-4800_threads-1-2-3-4-5-6-8-10-12-14-16-24_r1,joltphysics,82b24442917ba8d9ced3582c2f2d8a49f4c969f6,windows,windows_clang_cl_distribution,large_pyramid_16206,headless_api,8,step,600,0,0,16211,16211,0,0,median_ms_per_step,29.489790500,ms,lower_is_better,29.489790500,33.910040833,0,ok,ok,engine_runner_cli,work_unit_wall_sum_inline,8,large_pyramid,1,velocity_iterations=4; position_iterations=1; collision_steps=1; sleep=disabled; ccd=disabled; linear_damping=0.05; angular_damping=0.05; worker_count=7,windows_clang_cl_distribution,8,7,,,7,yes,,,,,,,,,,,600,17693.874300000,,,,,results/large-pyramid-16206/intel-core-i7-13700k/2026-10-05_1700_ddr5-4800_threads-1-2-3-4-5-6-8-10-12-14-16-24_r1/raw/joltphysics/t8/joltphysics_t8_raw.csv
2026-10-05_1700_ddr5-4800_threads-1-2-3-4-5-6-8-10-12-14-16-24_r1,joltphysics,82b24442917ba8d9ced3582c2f2d8a49f4c969f6,windows,windows_clang_cl_distribution,large_pyramid_16206,headless_api,10,step,600,0,0,16211,16211,0,0,median_ms_per_step,27.123963833,ms,lower_is_better,27.123963833,36.867767784,0,ok,ok,engine_runner_cli,work_unit_wall_sum_inline,10,large_pyramid,1,velocity_iterations=4; position_iterations=1; collision_steps=1; sleep=disabled; ccd=disabled; linear_damping=0.05; angular_damping=0.05; worker_count=9,windows_clang_cl_distribution,10,9,,,9,yes,,,,,,,,,,,600,16274.378300000,,,,,results/large-pyramid-16206/intel-core-i7-13700k/2026-10-05_1700_ddr5-4800_threads-1-2-3-4-5-6-8-10-12-14-16-24_r1/raw/joltphysics/t10/joltphysics_t10_raw.csv
2026-10-05_1700_ddr5-4800_threads-1-2-3-4-5-6-8-10-12-14-16-24_r1,joltphysics,82b24442917ba8d9ced3582c2f2d8a49f4c969f6,windows,windows_clang_cl_distribution,large_pyramid_16206,headless_api,12,step,600,0,0,16211,16211,0,0,median_ms_per_step,25.861177000,ms,lower_is_better,25.861177000,38.668000300,0,ok,ok,engine_runner_cli,work_unit_wall_sum_inline,12,large_pyramid,1,velocity_iterations=4; position_iterations=1; collision_steps=1; sleep=disabled; ccd=disabled; linear_damping=0.05; angular_damping=0.05; worker_count=11,windows_clang_cl_distribution,12,11,,,11,yes,,,,,,,,,,,600,15516.706200000,,,,,results/large-pyramid-16206/intel-core-i7-13700k/2026-10-05_1700_ddr5-4800_threads-1-2-3-4-5-6-8-10-12-14-16-24_r1/raw/joltphysics/t12/joltphysics_t12_raw.csv
2026-10-05_1700_ddr5-4800_threads-1-2-3-4-5-6-8-10-12-14-16-24_r1,joltphysics,82b24442917ba8d9ced3582c2f2d8a49f4c969f6,windows,windows_clang_cl_distribution,large_pyramid_16206,headless_api,14,step,600,0,0,16211,16211,0,0,median_ms_per_step,25.930448167,ms,lower_is_better,25.930448167,38.564701758,0,ok,ok,engine_runner_cli,work_unit_wall_sum_inline,14,large_pyramid,1,velocity_iterations=4; position_iterations=1; collision_steps=1; sleep=disabled; ccd=disabled; linear_damping=0.05; angular_damping=0.05; worker_count=13,windows_clang_cl_distribution,14,13,,,13,yes,,,,,,,,,,,600,15558.268900000,,,,,results/large-pyramid-16206/intel-core-i7-13700k/2026-10-05_1700_ddr5-4800_threads-1-2-3-4-5-6-8-10-12-14-16-24_r1/raw/joltphysics/t14/joltphysics_t14_raw.csv
2026-10-05_1700_ddr5-4800_threads-1-2-3-4-5-6-8-10-12-14-16-24_r1,joltphysics,82b24442917ba8d9ced3582c2f2d8a49f4c969f6,windows,windows_clang_cl_distribution,large_pyramid_16206,headless_api,16,step,600,0,0,16211,16211,0,0,median_ms_per_step,25.277388333,ms,lower_is_better,25.277388333,39.561049061,0,ok,ok,engine_runner_cli,work_unit_wall_sum_inline,16,large_pyramid,1,velocity_iterations=4; position_iterations=1; collision_steps=1; sleep=disabled; ccd=disabled; linear_damping=0.05; angular_damping=0.05; worker_count=15,windows_clang_cl_distribution,16,15,,,15,yes,,,,,,,,,,,600,15166.433000000,,,,,results/large-pyramid-16206/intel-core-i7-13700k/2026-10-05_1700_ddr5-4800_threads-1-2-3-4-5-6-8-10-12-14-16-24_r1/raw/joltphysics/t16/joltphysics_t16_raw.csv
2026-10-05_1700_ddr5-4800_threads-1-2-3-4-5-6-8-10-12-14-16-24_r1,joltphysics,82b24442917ba8d9ced3582c2f2d8a49f4c969f6,windows,windows_clang_cl_distribution,large_pyramid_16206,headless_api,24,step,600,0,0,16211,16211,0,0,median_ms_per_step,22.952979333,ms,lower_is_better,22.952979333,43.567328907,0,ok,ok,engine_runner_cli,work_unit_wall_sum_inline,24,large_pyramid,1,velocity_iterations=4; position_iterations=1; collision_steps=1; sleep=disabled; ccd=disabled; linear_damping=0.05; angular_damping=0.05; worker_count=23,windows_clang_cl_distribution,24,23,,,23,yes,,,,,,,,,,,600,13771.787600000,,,,,results/large-pyramid-16206/intel-core-i7-13700k/2026-10-05_1700_ddr5-4800_threads-1-2-3-4-5-6-8-10-12-14-16-24_r1/raw/joltphysics/t24/joltphysics_t24_raw.csv
2026-10-05_1700_ddr5-4800_threads-1-2-3-4-5-6-8-10-12-14-16-24_r1,nvidia_physx34,3.4.2,windows,vs2026_msbuild_release,large_pyramid_16206,headless_api,1,step,600,0,0,16211,16211,0,0,median_ms_per_step,68.021436000,ms,lower_is_better,68.021436000,14.701248001,0,ok,ok,engine_runner_cli,work_unit_wall_sum_inline,1,large_pyramid,1,position_iterations=5; velocity_iterations=1; sleep=disabled; ccd=disabled; worker_count=1,vs2026_msbuild_release,1,1,,,1,yes,,,,,,,,,,,600,40812.861600000,,,,,results/large-pyramid-16206/intel-core-i7-13700k/2026-10-05_1700_ddr5-4800_threads-1-2-3-4-5-6-8-10-12-14-16-24_r1/raw/nvidia_physx34/t1/nvidia_physx34_t1_raw.csv
2026-10-05_1700_ddr5-4800_threads-1-2-3-4-5-6-8-10-12-14-16-24_r1,nvidia_physx34,3.4.2,windows,vs2026_msbuild_release,large_pyramid_16206,headless_api,2,step,600,0,0,16211,16211,0,0,median_ms_per_step,39.895538000,ms,lower_is_better,39.895538000,25.065459701,0,ok,ok,engine_runner_cli,work_unit_wall_sum_inline,2,large_pyramid,1,position_iterations=5; velocity_iterations=1; sleep=disabled; ccd=disabled; worker_count=2,vs2026_msbuild_release,2,2,,,2,yes,,,,,,,,,,,600,23937.322800000,,,,,results/large-pyramid-16206/intel-core-i7-13700k/2026-10-05_1700_ddr5-4800_threads-1-2-3-4-5-6-8-10-12-14-16-24_r1/raw/nvidia_physx34/t2/nvidia_physx34_t2_raw.csv
2026-10-05_1700_ddr5-4800_threads-1-2-3-4-5-6-8-10-12-14-16-24_r1,nvidia_physx34,3.4.2,windows,vs2026_msbuild_release,large_pyramid_16206,headless_api,3,step,600,0,0,16211,16211,0,0,median_ms_per_step,31.923472333,ms,lower_is_better,31.923472333,31.324913204,0,ok,ok,engine_runner_cli,work_unit_wall_sum_inline,3,large_pyramid,1,position_iterations=5; velocity_iterations=1; sleep=disabled; ccd=disabled; worker_count=3,vs2026_msbuild_release,3,3,,,3,yes,,,,,,,,,,,600,19154.083400000,,,,,results/large-pyramid-16206/intel-core-i7-13700k/2026-10-05_1700_ddr5-4800_threads-1-2-3-4-5-6-8-10-12-14-16-24_r1/raw/nvidia_physx34/t3/nvidia_physx34_t3_raw.csv
2026-10-05_1700_ddr5-4800_threads-1-2-3-4-5-6-8-10-12-14-16-24_r1,nvidia_physx34,3.4.2,windows,vs2026_msbuild_release,large_pyramid_16206,headless_api,4,step,600,0,0,16211,16211,0,0,median_ms_per_step,28.650829833,ms,lower_is_better,28.650829833,34.903003013,0,ok,ok,engine_runner_cli,work_unit_wall_sum_inline,4,large_pyramid,1,position_iterations=5; velocity_iterations=1; sleep=disabled; ccd=disabled; worker_count=4,vs2026_msbuild_release,4,4,,,4,yes,,,,,,,,,,,600,17190.497900000,,,,,results/large-pyramid-16206/intel-core-i7-13700k/2026-10-05_1700_ddr5-4800_threads-1-2-3-4-5-6-8-10-12-14-16-24_r1/raw/nvidia_physx34/t4/nvidia_physx34_t4_raw.csv
2026-10-05_1700_ddr5-4800_threads-1-2-3-4-5-6-8-10-12-14-16-24_r1,nvidia_physx34,3.4.2,windows,vs2026_msbuild_release,large_pyramid_16206,headless_api,5,step,600,0,0,16211,16211,0,0,median_ms_per_step,25.683598000,ms,lower_is_better,25.683598000,38.935354774,0,ok,ok,engine_runner_cli,work_unit_wall_sum_inline,5,large_pyramid,1,position_iterations=5; velocity_iterations=1; sleep=disabled; ccd=disabled; worker_count=5,vs2026_msbuild_release,5,5,,,5,yes,,,,,,,,,,,600,15410.158800000,,,,,results/large-pyramid-16206/intel-core-i7-13700k/2026-10-05_1700_ddr5-4800_threads-1-2-3-4-5-6-8-10-12-14-16-24_r1/raw/nvidia_physx34/t5/nvidia_physx34_t5_raw.csv
2026-10-05_1700_ddr5-4800_threads-1-2-3-4-5-6-8-10-12-14-16-24_r1,nvidia_physx34,3.4.2,windows,vs2026_msbuild_release,large_pyramid_16206,headless_api,6,step,600,0,0,16211,16211,0,0,median_ms_per_step,24.132094333,ms,lower_is_better,24.132094333,41.438591537,0,ok,ok,engine_runner_cli,work_unit_wall_sum_inline,6,large_pyramid,1,position_iterations=5; velocity_iterations=1; sleep=disabled; ccd=disabled; worker_count=6,vs2026_msbuild_release,6,6,,,6,yes,,,,,,,,,,,600,14479.256600000,,,,,results/large-pyramid-16206/intel-core-i7-13700k/2026-10-05_1700_ddr5-4800_threads-1-2-3-4-5-6-8-10-12-14-16-24_r1/raw/nvidia_physx34/t6/nvidia_physx34_t6_raw.csv
2026-10-05_1700_ddr5-4800_threads-1-2-3-4-5-6-8-10-12-14-16-24_r1,nvidia_physx34,3.4.2,windows,vs2026_msbuild_release,large_pyramid_16206,headless_api,8,step,600,0,0,16211,16211,0,0,median_ms_per_step,22.668689000,ms,lower_is_better,22.668689000,44.113711208,0,ok,ok,engine_runner_cli,work_unit_wall_sum_inline,8,large_pyramid,1,position_iterations=5; velocity_iterations=1; sleep=disabled; ccd=disabled; worker_count=8,vs2026_msbuild_release,8,8,,,8,yes,,,,,,,,,,,600,13601.213400000,,,,,results/large-pyramid-16206/intel-core-i7-13700k/2026-10-05_1700_ddr5-4800_threads-1-2-3-4-5-6-8-10-12-14-16-24_r1/raw/nvidia_physx34/t8/nvidia_physx34_t8_raw.csv
2026-10-05_1700_ddr5-4800_threads-1-2-3-4-5-6-8-10-12-14-16-24_r1,nvidia_physx34,3.4.2,windows,vs2026_msbuild_release,large_pyramid_16206,headless_api,10,step,600,0,0,16211,16211,0,0,median_ms_per_step,22.680141500,ms,lower_is_better,22.680141500,44.091435673,0,ok,ok,engine_runner_cli,work_unit_wall_sum_inline,10,large_pyramid,1,position_iterations=5; velocity_iterations=1; sleep=disabled; ccd=disabled; worker_count=10,vs2026_msbuild_release,10,10,,,10,yes,,,,,,,,,,,600,13608.084900000,,,,,results/large-pyramid-16206/intel-core-i7-13700k/2026-10-05_1700_ddr5-4800_threads-1-2-3-4-5-6-8-10-12-14-16-24_r1/raw/nvidia_physx34/t10/nvidia_physx34_t10_raw.csv
2026-10-05_1700_ddr5-4800_threads-1-2-3-4-5-6-8-10-12-14-16-24_r1,nvidia_physx34,3.4.2,windows,vs2026_msbuild_release,large_pyramid_16206,headless_api,12,step,600,0,0,16211,16211,0,0,median_ms_per_step,22.154456333,ms,lower_is_better,22.154456333,45.137645671,0,ok,ok,engine_runner_cli,work_unit_wall_sum_inline,12,large_pyramid,1,position_iterations=5; velocity_iterations=1; sleep=disabled; ccd=disabled; worker_count=12,vs2026_msbuild_release,12,12,,,12,yes,,,,,,,,,,,600,13292.673800000,,,,,results/large-pyramid-16206/intel-core-i7-13700k/2026-10-05_1700_ddr5-4800_threads-1-2-3-4-5-6-8-10-12-14-16-24_r1/raw/nvidia_physx34/t12/nvidia_physx34_t12_raw.csv
2026-10-05_1700_ddr5-4800_threads-1-2-3-4-5-6-8-10-12-14-16-24_r1,nvidia_physx34,3.4.2,windows,vs2026_msbuild_release,large_pyramid_16206,headless_api,14,step,600,0,0,16211,16211,0,0,median_ms_per_step,22.312886667,ms,lower_is_better,22.312886667,44.817150508,0,ok,ok,engine_runner_cli,work_unit_wall_sum_inline,14,large_pyramid,1,position_iterations=5; velocity_iterations=1; sleep=disabled; ccd=disabled; worker_count=14,vs2026_msbuild_release,14,14,,,14,yes,,,,,,,,,,,600,13387.732000000,,,,,results/large-pyramid-16206/intel-core-i7-13700k/2026-10-05_1700_ddr5-4800_threads-1-2-3-4-5-6-8-10-12-14-16-24_r1/raw/nvidia_physx34/t14/nvidia_physx34_t14_raw.csv
2026-10-05_1700_ddr5-4800_threads-1-2-3-4-5-6-8-10-12-14-16-24_r1,nvidia_physx34,3.4.2,windows,vs2026_msbuild_release,large_pyramid_16206,headless_api,16,step,600,0,0,16211,16211,0,0,median_ms_per_step,22.296269000,ms,lower_is_better,22.296269000,44.850553247,0,ok,ok,engine_runner_cli,work_unit_wall_sum_inline,16,large_pyramid,1,position_iterations=5; velocity_iterations=1; sleep=disabled; ccd=disabled; worker_count=16,vs2026_msbuild_release,16,16,,,16,yes,,,,,,,,,,,600,13377.761400000,,,,,results/large-pyramid-16206/intel-core-i7-13700k/2026-10-05_1700_ddr5-4800_threads-1-2-3-4-5-6-8-10-12-14-16-24_r1/raw/nvidia_physx34/t16/nvidia_physx34_t16_raw.csv
2026-10-05_1700_ddr5-4800_threads-1-2-3-4-5-6-8-10-12-14-16-24_r1,nvidia_physx34,3.4.2,windows,vs2026_msbuild_release,large_pyramid_16206,headless_api,24,step,600,0,0,16211,16211,0,0,median_ms_per_step,27.441154667,ms,lower_is_better,27.441154667,36.441615236,0,ok,ok,engine_runner_cli,work_unit_wall_sum_inline,24,large_pyramid,1,position_iterations=5; velocity_iterations=1; sleep=disabled; ccd=disabled; worker_count=24,vs2026_msbuild_release,24,24,,,24,yes,,,,,,,,,,,600,16464.692800000,,,,,results/large-pyramid-16206/intel-core-i7-13700k/2026-10-05_1700_ddr5-4800_threads-1-2-3-4-5-6-8-10-12-14-16-24_r1/raw/nvidia_physx34/t24/nvidia_physx34_t24_raw.csv
2026-10-05_1700_ddr5-4800_threads-1-2-3-4-5-6-8-10-12-14-16-24_r1,nvidia_physx5,5.10.0.75b25f28f9,windows,vs2022_msbuild_release,large_pyramid_16206,headless_api,1,step,600,0,0,16211,16211,0,0,median_ms_per_step,64.326856167,ms,lower_is_better,64.326856167,15.545606603,0,ok,ok,engine_runner_cli,work_unit_wall_sum_inline,1,large_pyramid,1,position_iterations=5; velocity_iterations=1; sleep=disabled; ccd=disabled; worker_count=1,vs2022_msbuild_release,1,1,,,1,yes,,,,,,,,,,,600,38596.113700000,,,,,results/large-pyramid-16206/intel-core-i7-13700k/2026-10-05_1700_ddr5-4800_threads-1-2-3-4-5-6-8-10-12-14-16-24_r1/raw/nvidia_physx5/t1/nvidia_physx5_t1_raw.csv
2026-10-05_1700_ddr5-4800_threads-1-2-3-4-5-6-8-10-12-14-16-24_r1,nvidia_physx5,5.10.0.75b25f28f9,windows,vs2022_msbuild_release,large_pyramid_16206,headless_api,2,step,600,0,0,16211,16211,0,0,median_ms_per_step,36.438405833,ms,lower_is_better,36.438405833,27.443571614,0,ok,ok,engine_runner_cli,work_unit_wall_sum_inline,2,large_pyramid,1,position_iterations=5; velocity_iterations=1; sleep=disabled; ccd=disabled; worker_count=2,vs2022_msbuild_release,2,2,,,2,yes,,,,,,,,,,,600,21863.043500000,,,,,results/large-pyramid-16206/intel-core-i7-13700k/2026-10-05_1700_ddr5-4800_threads-1-2-3-4-5-6-8-10-12-14-16-24_r1/raw/nvidia_physx5/t2/nvidia_physx5_t2_raw.csv
2026-10-05_1700_ddr5-4800_threads-1-2-3-4-5-6-8-10-12-14-16-24_r1,nvidia_physx5,5.10.0.75b25f28f9,windows,vs2022_msbuild_release,large_pyramid_16206,headless_api,3,step,600,0,0,16211,16211,0,0,median_ms_per_step,26.430767333,ms,lower_is_better,26.430767333,37.834694218,0,ok,ok,engine_runner_cli,work_unit_wall_sum_inline,3,large_pyramid,1,position_iterations=5; velocity_iterations=1; sleep=disabled; ccd=disabled; worker_count=3,vs2022_msbuild_release,3,3,,,3,yes,,,,,,,,,,,600,15858.460400000,,,,,results/large-pyramid-16206/intel-core-i7-13700k/2026-10-05_1700_ddr5-4800_threads-1-2-3-4-5-6-8-10-12-14-16-24_r1/raw/nvidia_physx5/t3/nvidia_physx5_t3_raw.csv
2026-10-05_1700_ddr5-4800_threads-1-2-3-4-5-6-8-10-12-14-16-24_r1,nvidia_physx5,5.10.0.75b25f28f9,windows,vs2022_msbuild_release,large_pyramid_16206,headless_api,4,step,600,0,0,16211,16211,0,0,median_ms_per_step,21.578514167,ms,lower_is_better,21.578514167,46.342393748,0,ok,ok,engine_runner_cli,work_unit_wall_sum_inline,4,large_pyramid,1,position_iterations=5; velocity_iterations=1; sleep=disabled; ccd=disabled; worker_count=4,vs2022_msbuild_release,4,4,,,4,yes,,,,,,,,,,,600,12947.108500000,,,,,results/large-pyramid-16206/intel-core-i7-13700k/2026-10-05_1700_ddr5-4800_threads-1-2-3-4-5-6-8-10-12-14-16-24_r1/raw/nvidia_physx5/t4/nvidia_physx5_t4_raw.csv
2026-10-05_1700_ddr5-4800_threads-1-2-3-4-5-6-8-10-12-14-16-24_r1,nvidia_physx5,5.10.0.75b25f28f9,windows,vs2022_msbuild_release,large_pyramid_16206,headless_api,5,step,600,0,0,16211,16211,0,0,median_ms_per_step,19.239736667,ms,lower_is_better,19.239736667,51.975763355,0,ok,ok,engine_runner_cli,work_unit_wall_sum_inline,5,large_pyramid,1,position_iterations=5; velocity_iterations=1; sleep=disabled; ccd=disabled; worker_count=5,vs2022_msbuild_release,5,5,,,5,yes,,,,,,,,,,,600,11543.842000000,,,,,results/large-pyramid-16206/intel-core-i7-13700k/2026-10-05_1700_ddr5-4800_threads-1-2-3-4-5-6-8-10-12-14-16-24_r1/raw/nvidia_physx5/t5/nvidia_physx5_t5_raw.csv
2026-10-05_1700_ddr5-4800_threads-1-2-3-4-5-6-8-10-12-14-16-24_r1,nvidia_physx5,5.10.0.75b25f28f9,windows,vs2022_msbuild_release,large_pyramid_16206,headless_api,6,step,600,0,0,16211,16211,0,0,median_ms_per_step,17.256789833,ms,lower_is_better,17.256789833,57.948205295,0,ok,ok,engine_runner_cli,work_unit_wall_sum_inline,6,large_pyramid,1,position_iterations=5; velocity_iterations=1; sleep=disabled; ccd=disabled; worker_count=6,vs2022_msbuild_release,6,6,,,6,yes,,,,,,,,,,,600,10354.073900000,,,,,results/large-pyramid-16206/intel-core-i7-13700k/2026-10-05_1700_ddr5-4800_threads-1-2-3-4-5-6-8-10-12-14-16-24_r1/raw/nvidia_physx5/t6/nvidia_physx5_t6_raw.csv
2026-10-05_1700_ddr5-4800_threads-1-2-3-4-5-6-8-10-12-14-16-24_r1,nvidia_physx5,5.10.0.75b25f28f9,windows,vs2022_msbuild_release,large_pyramid_16206,headless_api,8,step,600,0,0,16211,16211,0,0,median_ms_per_step,15.347800500,ms,lower_is_better,15.347800500,65.155915989,0,ok,ok,engine_runner_cli,work_unit_wall_sum_inline,8,large_pyramid,1,position_iterations=5; velocity_iterations=1; sleep=disabled; ccd=disabled; worker_count=8,vs2022_msbuild_release,8,8,,,8,yes,,,,,,,,,,,600,9208.680300000,,,,,results/large-pyramid-16206/intel-core-i7-13700k/2026-10-05_1700_ddr5-4800_threads-1-2-3-4-5-6-8-10-12-14-16-24_r1/raw/nvidia_physx5/t8/nvidia_physx5_t8_raw.csv
2026-10-05_1700_ddr5-4800_threads-1-2-3-4-5-6-8-10-12-14-16-24_r1,nvidia_physx5,5.10.0.75b25f28f9,windows,vs2022_msbuild_release,large_pyramid_16206,headless_api,10,step,600,0,0,16211,16211,0,0,median_ms_per_step,14.967236167,ms,lower_is_better,14.967236167,66.812602465,0,ok,ok,engine_runner_cli,work_unit_wall_sum_inline,10,large_pyramid,1,position_iterations=5; velocity_iterations=1; sleep=disabled; ccd=disabled; worker_count=10,vs2022_msbuild_release,10,10,,,10,yes,,,,,,,,,,,600,8980.341700000,,,,,results/large-pyramid-16206/intel-core-i7-13700k/2026-10-05_1700_ddr5-4800_threads-1-2-3-4-5-6-8-10-12-14-16-24_r1/raw/nvidia_physx5/t10/nvidia_physx5_t10_raw.csv
2026-10-05_1700_ddr5-4800_threads-1-2-3-4-5-6-8-10-12-14-16-24_r1,nvidia_physx5,5.10.0.75b25f28f9,windows,vs2022_msbuild_release,large_pyramid_16206,headless_api,12,step,600,0,0,16211,16211,0,0,median_ms_per_step,14.746145333,ms,lower_is_better,14.746145333,67.814332315,0,ok,ok,engine_runner_cli,work_unit_wall_sum_inline,12,large_pyramid,1,position_iterations=5; velocity_iterations=1; sleep=disabled; ccd=disabled; worker_count=12,vs2022_msbuild_release,12,12,,,12,yes,,,,,,,,,,,600,8847.687200000,,,,,results/large-pyramid-16206/intel-core-i7-13700k/2026-10-05_1700_ddr5-4800_threads-1-2-3-4-5-6-8-10-12-14-16-24_r1/raw/nvidia_physx5/t12/nvidia_physx5_t12_raw.csv
2026-10-05_1700_ddr5-4800_threads-1-2-3-4-5-6-8-10-12-14-16-24_r1,nvidia_physx5,5.10.0.75b25f28f9,windows,vs2022_msbuild_release,large_pyramid_16206,headless_api,14,step,600,0,0,16211,16211,0,0,median_ms_per_step,14.660398333,ms,lower_is_better,14.660398333,68.210970621,0,ok,ok,engine_runner_cli,work_unit_wall_sum_inline,14,large_pyramid,1,position_iterations=5; velocity_iterations=1; sleep=disabled; ccd=disabled; worker_count=14,vs2022_msbuild_release,14,14,,,14,yes,,,,,,,,,,,600,8796.239000000,,,,,results/large-pyramid-16206/intel-core-i7-13700k/2026-10-05_1700_ddr5-4800_threads-1-2-3-4-5-6-8-10-12-14-16-24_r1/raw/nvidia_physx5/t14/nvidia_physx5_t14_raw.csv
2026-10-05_1700_ddr5-4800_threads-1-2-3-4-5-6-8-10-12-14-16-24_r1,nvidia_physx5,5.10.0.75b25f28f9,windows,vs2022_msbuild_release,large_pyramid_16206,headless_api,16,step,600,0,0,16211,16211,0,0,median_ms_per_step,14.562516000,ms,lower_is_better,14.562516000,68.669452449,0,ok,ok,engine_runner_cli,work_unit_wall_sum_inline,16,large_pyramid,1,position_iterations=5; velocity_iterations=1; sleep=disabled; ccd=disabled; worker_count=16,vs2022_msbuild_release,16,16,,,16,yes,,,,,,,,,,,600,8737.509600000,,,,,results/large-pyramid-16206/intel-core-i7-13700k/2026-10-05_1700_ddr5-4800_threads-1-2-3-4-5-6-8-10-12-14-16-24_r1/raw/nvidia_physx5/t16/nvidia_physx5_t16_raw.csv
2026-10-05_1700_ddr5-4800_threads-1-2-3-4-5-6-8-10-12-14-16-24_r1,nvidia_physx5,5.10.0.75b25f28f9,windows,vs2022_msbuild_release,large_pyramid_16206,headless_api,24,step,600,0,0,16211,16211,0,0,median_ms_per_step,20.109185333,ms,lower_is_better,20.109185333,49.728518755,0,ok,ok,engine_runner_cli,work_unit_wall_sum_inline,24,large_pyramid,1,position_iterations=5; velocity_iterations=1; sleep=disabled; ccd=disabled; worker_count=24,vs2022_msbuild_release,24,24,,,24,yes,,,,,,,,,,,600,12065.511200000,,,,,results/large-pyramid-16206/intel-core-i7-13700k/2026-10-05_1700_ddr5-4800_threads-1-2-3-4-5-6-8-10-12-14-16-24_r1/raw/nvidia_physx5/t24/nvidia_physx5_t24_raw.csv
2026-10-05_1700_ddr5-4800_threads-1-2-3-4-5-6-8-10-12-14-16-24_r1,physx34,2b13cae09734616d07d09ecf645326fa0bf43ef7,windows,windows_clang_cl_release,large_pyramid_16206,headless_api,1,step,600,0,0,16211,16211,0,0,median_ms_per_step,64.553297667,ms,lower_is_better,64.553297667,15.491075377,0,ok,ok,engine_runner_cli,work_unit_wall_sum_inline,1,large_pyramid,1,position_iterations=5; velocity_iterations=1; sleep=disabled; ccd=disabled; worker_count=1,windows_clang_cl_release,1,1,,,1,yes,,,,,,,,,,,600,38731.978600000,,,,,results/large-pyramid-16206/intel-core-i7-13700k/2026-10-05_1700_ddr5-4800_threads-1-2-3-4-5-6-8-10-12-14-16-24_r1/raw/physx34/t1/physx34_t1_raw.csv
2026-10-05_1700_ddr5-4800_threads-1-2-3-4-5-6-8-10-12-14-16-24_r1,physx34,2b13cae09734616d07d09ecf645326fa0bf43ef7,windows,windows_clang_cl_release,large_pyramid_16206,headless_api,2,step,600,0,0,16211,16211,0,0,median_ms_per_step,36.814606667,ms,lower_is_better,36.814606667,27.163131445,0,ok,ok,engine_runner_cli,work_unit_wall_sum_inline,2,large_pyramid,1,position_iterations=5; velocity_iterations=1; sleep=disabled; ccd=disabled; worker_count=2,windows_clang_cl_release,2,2,,,2,yes,,,,,,,,,,,600,22088.764000000,,,,,results/large-pyramid-16206/intel-core-i7-13700k/2026-10-05_1700_ddr5-4800_threads-1-2-3-4-5-6-8-10-12-14-16-24_r1/raw/physx34/t2/physx34_t2_raw.csv
2026-10-05_1700_ddr5-4800_threads-1-2-3-4-5-6-8-10-12-14-16-24_r1,physx34,2b13cae09734616d07d09ecf645326fa0bf43ef7,windows,windows_clang_cl_release,large_pyramid_16206,headless_api,3,step,600,0,0,16211,16211,0,0,median_ms_per_step,30.436912000,ms,lower_is_better,30.436912000,32.854844145,0,ok,ok,engine_runner_cli,work_unit_wall_sum_inline,3,large_pyramid,1,position_iterations=5; velocity_iterations=1; sleep=disabled; ccd=disabled; worker_count=3,windows_clang_cl_release,3,3,,,3,yes,,,,,,,,,,,600,18262.147200000,,,,,results/large-pyramid-16206/intel-core-i7-13700k/2026-10-05_1700_ddr5-4800_threads-1-2-3-4-5-6-8-10-12-14-16-24_r1/raw/physx34/t3/physx34_t3_raw.csv
2026-10-05_1700_ddr5-4800_threads-1-2-3-4-5-6-8-10-12-14-16-24_r1,physx34,2b13cae09734616d07d09ecf645326fa0bf43ef7,windows,windows_clang_cl_release,large_pyramid_16206,headless_api,4,step,600,0,0,16211,16211,0,0,median_ms_per_step,26.788745000,ms,lower_is_better,26.788745000,37.329109669,0,ok,ok,engine_runner_cli,work_unit_wall_sum_inline,4,large_pyramid,1,position_iterations=5; velocity_iterations=1; sleep=disabled; ccd=disabled; worker_count=4,windows_clang_cl_release,4,4,,,4,yes,,,,,,,,,,,600,16073.247000000,,,,,results/large-pyramid-16206/intel-core-i7-13700k/2026-10-05_1700_ddr5-4800_threads-1-2-3-4-5-6-8-10-12-14-16-24_r1/raw/physx34/t4/physx34_t4_raw.csv
2026-10-05_1700_ddr5-4800_threads-1-2-3-4-5-6-8-10-12-14-16-24_r1,physx34,2b13cae09734616d07d09ecf645326fa0bf43ef7,windows,windows_clang_cl_release,large_pyramid_16206,headless_api,5,step,600,0,0,16211,16211,0,0,median_ms_per_step,24.833417667,ms,lower_is_better,24.833417667,40.268319626,0,ok,ok,engine_runner_cli,work_unit_wall_sum_inline,5,large_pyramid,1,position_iterations=5; velocity_iterations=1; sleep=disabled; ccd=disabled; worker_count=5,windows_clang_cl_release,5,5,,,5,yes,,,,,,,,,,,600,14900.050600000,,,,,results/large-pyramid-16206/intel-core-i7-13700k/2026-10-05_1700_ddr5-4800_threads-1-2-3-4-5-6-8-10-12-14-16-24_r1/raw/physx34/t5/physx34_t5_raw.csv
2026-10-05_1700_ddr5-4800_threads-1-2-3-4-5-6-8-10-12-14-16-24_r1,physx34,2b13cae09734616d07d09ecf645326fa0bf43ef7,windows,windows_clang_cl_release,large_pyramid_16206,headless_api,6,step,600,0,0,16211,16211,0,0,median_ms_per_step,23.388530000,ms,lower_is_better,23.388530000,42.756000484,0,ok,ok,engine_runner_cli,work_unit_wall_sum_inline,6,large_pyramid,1,position_iterations=5; velocity_iterations=1; sleep=disabled; ccd=disabled; worker_count=6,windows_clang_cl_release,6,6,,,6,yes,,,,,,,,,,,600,14033.118000000,,,,,results/large-pyramid-16206/intel-core-i7-13700k/2026-10-05_1700_ddr5-4800_threads-1-2-3-4-5-6-8-10-12-14-16-24_r1/raw/physx34/t6/physx34_t6_raw.csv
2026-10-05_1700_ddr5-4800_threads-1-2-3-4-5-6-8-10-12-14-16-24_r1,physx34,2b13cae09734616d07d09ecf645326fa0bf43ef7,windows,windows_clang_cl_release,large_pyramid_16206,headless_api,8,step,600,0,0,16211,16211,0,0,median_ms_per_step,21.518461333,ms,lower_is_better,21.518461333,46.471724186,0,ok,ok,engine_runner_cli,work_unit_wall_sum_inline,8,large_pyramid,1,position_iterations=5; velocity_iterations=1; sleep=disabled; ccd=disabled; worker_count=8,windows_clang_cl_release,8,8,,,8,yes,,,,,,,,,,,600,12911.076800000,,,,,results/large-pyramid-16206/intel-core-i7-13700k/2026-10-05_1700_ddr5-4800_threads-1-2-3-4-5-6-8-10-12-14-16-24_r1/raw/physx34/t8/physx34_t8_raw.csv
2026-10-05_1700_ddr5-4800_threads-1-2-3-4-5-6-8-10-12-14-16-24_r1,physx34,2b13cae09734616d07d09ecf645326fa0bf43ef7,windows,windows_clang_cl_release,large_pyramid_16206,headless_api,10,step,600,0,0,16211,16211,0,0,median_ms_per_step,21.307533333,ms,lower_is_better,21.307533333,46.931758095,0,ok,ok,engine_runner_cli,work_unit_wall_sum_inline,10,large_pyramid,1,position_iterations=5; velocity_iterations=1; sleep=disabled; ccd=disabled; worker_count=10,windows_clang_cl_release,10,10,,,10,yes,,,,,,,,,,,600,12784.520000000,,,,,results/large-pyramid-16206/intel-core-i7-13700k/2026-10-05_1700_ddr5-4800_threads-1-2-3-4-5-6-8-10-12-14-16-24_r1/raw/physx34/t10/physx34_t10_raw.csv
2026-10-05_1700_ddr5-4800_threads-1-2-3-4-5-6-8-10-12-14-16-24_r1,physx34,2b13cae09734616d07d09ecf645326fa0bf43ef7,windows,windows_clang_cl_release,large_pyramid_16206,headless_api,12,step,600,0,0,16211,16211,0,0,median_ms_per_step,21.311553667,ms,lower_is_better,21.311553667,46.922904620,0,ok,ok,engine_runner_cli,work_unit_wall_sum_inline,12,large_pyramid,1,position_iterations=5; velocity_iterations=1; sleep=disabled; ccd=disabled; worker_count=12,windows_clang_cl_release,12,12,,,12,yes,,,,,,,,,,,600,12786.932200000,,,,,results/large-pyramid-16206/intel-core-i7-13700k/2026-10-05_1700_ddr5-4800_threads-1-2-3-4-5-6-8-10-12-14-16-24_r1/raw/physx34/t12/physx34_t12_raw.csv
2026-10-05_1700_ddr5-4800_threads-1-2-3-4-5-6-8-10-12-14-16-24_r1,physx34,2b13cae09734616d07d09ecf645326fa0bf43ef7,windows,windows_clang_cl_release,large_pyramid_16206,headless_api,14,step,600,0,0,16211,16211,0,0,median_ms_per_step,21.689889667,ms,lower_is_better,21.689889667,46.104430007,0,ok,ok,engine_runner_cli,work_unit_wall_sum_inline,14,large_pyramid,1,position_iterations=5; velocity_iterations=1; sleep=disabled; ccd=disabled; worker_count=14,windows_clang_cl_release,14,14,,,14,yes,,,,,,,,,,,600,13013.933800000,,,,,results/large-pyramid-16206/intel-core-i7-13700k/2026-10-05_1700_ddr5-4800_threads-1-2-3-4-5-6-8-10-12-14-16-24_r1/raw/physx34/t14/physx34_t14_raw.csv
2026-10-05_1700_ddr5-4800_threads-1-2-3-4-5-6-8-10-12-14-16-24_r1,physx34,2b13cae09734616d07d09ecf645326fa0bf43ef7,windows,windows_clang_cl_release,large_pyramid_16206,headless_api,16,step,600,0,0,16211,16211,0,0,median_ms_per_step,21.652872000,ms,lower_is_better,21.652872000,46.183249963,0,ok,ok,engine_runner_cli,work_unit_wall_sum_inline,16,large_pyramid,1,position_iterations=5; velocity_iterations=1; sleep=disabled; ccd=disabled; worker_count=16,windows_clang_cl_release,16,16,,,16,yes,,,,,,,,,,,600,12991.723200000,,,,,results/large-pyramid-16206/intel-core-i7-13700k/2026-10-05_1700_ddr5-4800_threads-1-2-3-4-5-6-8-10-12-14-16-24_r1/raw/physx34/t16/physx34_t16_raw.csv
2026-10-05_1700_ddr5-4800_threads-1-2-3-4-5-6-8-10-12-14-16-24_r1,physx34,2b13cae09734616d07d09ecf645326fa0bf43ef7,windows,windows_clang_cl_release,large_pyramid_16206,headless_api,24,step,600,0,0,16211,16211,0,0,median_ms_per_step,26.791388833,ms,lower_is_better,26.791388833,37.325425950,0,ok,ok,engine_runner_cli,work_unit_wall_sum_inline,24,large_pyramid,1,position_iterations=5; velocity_iterations=1; sleep=disabled; ccd=disabled; worker_count=24,windows_clang_cl_release,24,24,,,24,yes,,,,,,,,,,,600,16074.833300000,,,,,results/large-pyramid-16206/intel-core-i7-13700k/2026-10-05_1700_ddr5-4800_threads-1-2-3-4-5-6-8-10-12-14-16-24_r1/raw/physx34/t24/physx34_t24_raw.csv
2026-10-05_1700_ddr5-4800_threads-1-2-3-4-5-6-8-10-12-14-16-24_r1,rapier3d,28d0ba929b460597f0959fe600c7afd65612f6f9,windows,rust_1_89_msvc_cargo_release,large_pyramid_16206,headless_api,1,step,600,0,0,16211,16211,0,0,median_ms_per_step,75.383396667,ms,lower_is_better,75.383396667,13.265520582,0,ok,ok,engine_runner_cli,work_unit_wall_sum_inline,1,large_pyramid,1,solver_iterations=4; sleep=disabled; ccd=disabled; worker_count=1,rust_1_89_msvc_cargo_release,1,1,,,1,yes,,,,,,,,,,,600,45230.038000000,,,,,results/large-pyramid-16206/intel-core-i7-13700k/2026-10-05_1700_ddr5-4800_threads-1-2-3-4-5-6-8-10-12-14-16-24_r1/raw/rapier3d/t1/rapier3d_t1_raw.csv
2026-10-05_1700_ddr5-4800_threads-1-2-3-4-5-6-8-10-12-14-16-24_r1,rapier3d,28d0ba929b460597f0959fe600c7afd65612f6f9,windows,rust_1_89_msvc_cargo_release,large_pyramid_16206,headless_api,2,step,600,0,0,16211,16211,0,0,median_ms_per_step,36.846116000,ms,lower_is_better,36.846116000,27.139902616,0,ok,ok,engine_runner_cli,work_unit_wall_sum_inline,2,large_pyramid,1,solver_iterations=4; sleep=disabled; ccd=disabled; worker_count=2,rust_1_89_msvc_cargo_release,2,2,,,2,yes,,,,,,,,,,,600,22107.669600000,,,,,results/large-pyramid-16206/intel-core-i7-13700k/2026-10-05_1700_ddr5-4800_threads-1-2-3-4-5-6-8-10-12-14-16-24_r1/raw/rapier3d/t2/rapier3d_t2_raw.csv
2026-10-05_1700_ddr5-4800_threads-1-2-3-4-5-6-8-10-12-14-16-24_r1,rapier3d,28d0ba929b460597f0959fe600c7afd65612f6f9,windows,rust_1_89_msvc_cargo_release,large_pyramid_16206,headless_api,3,step,600,0,0,16211,16211,0,0,median_ms_per_step,28.543922667,ms,lower_is_better,28.543922667,35.033727203,0,ok,ok,engine_runner_cli,work_unit_wall_sum_inline,3,large_pyramid,1,solver_iterations=4; sleep=disabled; ccd=disabled; worker_count=3,rust_1_89_msvc_cargo_release,3,3,,,3,yes,,,,,,,,,,,600,17126.353600000,,,,,results/large-pyramid-16206/intel-core-i7-13700k/2026-10-05_1700_ddr5-4800_threads-1-2-3-4-5-6-8-10-12-14-16-24_r1/raw/rapier3d/t3/rapier3d_t3_raw.csv
2026-10-05_1700_ddr5-4800_threads-1-2-3-4-5-6-8-10-12-14-16-24_r1,rapier3d,28d0ba929b460597f0959fe600c7afd65612f6f9,windows,rust_1_89_msvc_cargo_release,large_pyramid_16206,headless_api,4,step,600,0,0,16211,16211,0,0,median_ms_per_step,24.211526667,ms,lower_is_better,24.211526667,41.302641249,0,ok,ok,engine_runner_cli,work_unit_wall_sum_inline,4,large_pyramid,1,solver_iterations=4; sleep=disabled; ccd=disabled; worker_count=4,rust_1_89_msvc_cargo_release,4,4,,,4,yes,,,,,,,,,,,600,14526.916000000,,,,,results/large-pyramid-16206/intel-core-i7-13700k/2026-10-05_1700_ddr5-4800_threads-1-2-3-4-5-6-8-10-12-14-16-24_r1/raw/rapier3d/t4/rapier3d_t4_raw.csv
2026-10-05_1700_ddr5-4800_threads-1-2-3-4-5-6-8-10-12-14-16-24_r1,rapier3d,28d0ba929b460597f0959fe600c7afd65612f6f9,windows,rust_1_89_msvc_cargo_release,large_pyramid_16206,headless_api,5,step,600,0,0,16211,16211,0,0,median_ms_per_step,22.075191833,ms,lower_is_better,22.075191833,45.299719592,0,ok,ok,engine_runner_cli,work_unit_wall_sum_inline,5,large_pyramid,1,solver_iterations=4; sleep=disabled; ccd=disabled; worker_count=5,rust_1_89_msvc_cargo_release,5,5,,,5,yes,,,,,,,,,,,600,13245.115100000,,,,,results/large-pyramid-16206/intel-core-i7-13700k/2026-10-05_1700_ddr5-4800_threads-1-2-3-4-5-6-8-10-12-14-16-24_r1/raw/rapier3d/t5/rapier3d_t5_raw.csv
2026-10-05_1700_ddr5-4800_threads-1-2-3-4-5-6-8-10-12-14-16-24_r1,rapier3d,28d0ba929b460597f0959fe600c7afd65612f6f9,windows,rust_1_89_msvc_cargo_release,large_pyramid_16206,headless_api,6,step,600,0,0,16211,16211,0,0,median_ms_per_step,19.776047167,ms,lower_is_better,19.776047167,50.566222439,0,ok,ok,engine_runner_cli,work_unit_wall_sum_inline,6,large_pyramid,1,solver_iterations=4; sleep=disabled; ccd=disabled; worker_count=6,rust_1_89_msvc_cargo_release,6,6,,,6,yes,,,,,,,,,,,600,11865.628300000,,,,,results/large-pyramid-16206/intel-core-i7-13700k/2026-10-05_1700_ddr5-4800_threads-1-2-3-4-5-6-8-10-12-14-16-24_r1/raw/rapier3d/t6/rapier3d_t6_raw.csv
2026-10-05_1700_ddr5-4800_threads-1-2-3-4-5-6-8-10-12-14-16-24_r1,rapier3d,28d0ba929b460597f0959fe600c7afd65612f6f9,windows,rust_1_89_msvc_cargo_release,large_pyramid_16206,headless_api,8,step,600,0,0,16211,16211,0,0,median_ms_per_step,17.414615833,ms,lower_is_better,17.414615833,57.423029573,0,ok,ok,engine_runner_cli,work_unit_wall_sum_inline,8,large_pyramid,1,solver_iterations=4; sleep=disabled; ccd=disabled; worker_count=8,rust_1_89_msvc_cargo_release,8,8,,,8,yes,,,,,,,,,,,600,10448.769500000,,,,,results/large-pyramid-16206/intel-core-i7-13700k/2026-10-05_1700_ddr5-4800_threads-1-2-3-4-5-6-8-10-12-14-16-24_r1/raw/rapier3d/t8/rapier3d_t8_raw.csv
2026-10-05_1700_ddr5-4800_threads-1-2-3-4-5-6-8-10-12-14-16-24_r1,rapier3d,28d0ba929b460597f0959fe600c7afd65612f6f9,windows,rust_1_89_msvc_cargo_release,large_pyramid_16206,headless_api,10,step,600,0,0,16211,16211,0,0,median_ms_per_step,16.680543167,ms,lower_is_better,16.680543167,59.950086158,0,ok,ok,engine_runner_cli,work_unit_wall_sum_inline,10,large_pyramid,1,solver_iterations=4; sleep=disabled; ccd=disabled; worker_count=10,rust_1_89_msvc_cargo_release,10,10,,,10,yes,,,,,,,,,,,600,10008.325900000,,,,,results/large-pyramid-16206/intel-core-i7-13700k/2026-10-05_1700_ddr5-4800_threads-1-2-3-4-5-6-8-10-12-14-16-24_r1/raw/rapier3d/t10/rapier3d_t10_raw.csv
2026-10-05_1700_ddr5-4800_threads-1-2-3-4-5-6-8-10-12-14-16-24_r1,rapier3d,28d0ba929b460597f0959fe600c7afd65612f6f9,windows,rust_1_89_msvc_cargo_release,large_pyramid_16206,headless_api,12,step,600,0,0,16211,16211,0,0,median_ms_per_step,16.616880667,ms,lower_is_better,16.616880667,60.179766592,0,ok,ok,engine_runner_cli,work_unit_wall_sum_inline,12,large_pyramid,1,solver_iterations=4; sleep=disabled; ccd=disabled; worker_count=12,rust_1_89_msvc_cargo_release,12,12,,,12,yes,,,,,,,,,,,600,9970.128400000,,,,,results/large-pyramid-16206/intel-core-i7-13700k/2026-10-05_1700_ddr5-4800_threads-1-2-3-4-5-6-8-10-12-14-16-24_r1/raw/rapier3d/t12/rapier3d_t12_raw.csv
2026-10-05_1700_ddr5-4800_threads-1-2-3-4-5-6-8-10-12-14-16-24_r1,rapier3d,28d0ba929b460597f0959fe600c7afd65612f6f9,windows,rust_1_89_msvc_cargo_release,large_pyramid_16206,headless_api,14,step,600,0,0,16211,16211,0,0,median_ms_per_step,16.451209333,ms,lower_is_better,16.451209333,60.785804845,0,ok,ok,engine_runner_cli,work_unit_wall_sum_inline,14,large_pyramid,1,solver_iterations=4; sleep=disabled; ccd=disabled; worker_count=14,rust_1_89_msvc_cargo_release,14,14,,,14,yes,,,,,,,,,,,600,9870.725600000,,,,,results/large-pyramid-16206/intel-core-i7-13700k/2026-10-05_1700_ddr5-4800_threads-1-2-3-4-5-6-8-10-12-14-16-24_r1/raw/rapier3d/t14/rapier3d_t14_raw.csv
2026-10-05_1700_ddr5-4800_threads-1-2-3-4-5-6-8-10-12-14-16-24_r1,rapier3d,28d0ba929b460597f0959fe600c7afd65612f6f9,windows,rust_1_89_msvc_cargo_release,large_pyramid_16206,headless_api,16,step,600,0,0,16211,16211,0,0,median_ms_per_step,15.931425833,ms,lower_is_better,15.931425833,62.769020831,0,ok,ok,engine_runner_cli,work_unit_wall_sum_inline,16,large_pyramid,1,solver_iterations=4; sleep=disabled; ccd=disabled; worker_count=16,rust_1_89_msvc_cargo_release,16,16,,,16,yes,,,,,,,,,,,600,9558.855500000,,,,,results/large-pyramid-16206/intel-core-i7-13700k/2026-10-05_1700_ddr5-4800_threads-1-2-3-4-5-6-8-10-12-14-16-24_r1/raw/rapier3d/t16/rapier3d_t16_raw.csv
2026-10-05_1700_ddr5-4800_threads-1-2-3-4-5-6-8-10-12-14-16-24_r1,rapier3d,28d0ba929b460597f0959fe600c7afd65612f6f9,windows,rust_1_89_msvc_cargo_release,large_pyramid_16206,headless_api,24,step,600,0,0,16211,16211,0,0,median_ms_per_step,15.496385000,ms,lower_is_better,15.496385000,64.531179369,0,ok,ok,engine_runner_cli,work_unit_wall_sum_inline,24,large_pyramid,1,solver_iterations=4; sleep=disabled; ccd=disabled; worker_count=24,rust_1_89_msvc_cargo_release,24,24,,,24,yes,,,,,,,,,,,600,9297.831000000,,,,,results/large-pyramid-16206/intel-core-i7-13700k/2026-10-05_1700_ddr5-4800_threads-1-2-3-4-5-6-8-10-12-14-16-24_r1/raw/rapier3d/t24/rapier3d_t24_raw.csv
2026-10-05_1700_ddr5-4800_threads-1-2-3-4-5-6-8-10-12-14-16-24_r1,unity_physics,unity-6000.5.2f1-com.unity.physics-6.5.0,windows,unity_player,large_pyramid_16206,headless_api,1,step,600,0,0,16211,16211,0,0,median_ms_per_step,81.278326333,ms,lower_is_better,81.278326333,12.303402950,0,ok,ok,engine_runner_cli,work_unit_wall_sum_inline,1,large_pyramid,1,solver_iterations=2; substeps=3; solver_type=iterative; stabilization=on; linear_damping=0; angular_damping=0; synchronize_collision_world=on; sleep=not_applicable; worker_count=0,unity_player,1,0,,,0,yes,,,,,,,,,,,600,48766.995800000,,,,,results/large-pyramid-16206/intel-core-i7-13700k/2026-10-05_1700_ddr5-4800_threads-1-2-3-4-5-6-8-10-12-14-16-24_r1/raw/unity_physics/t1/unity_physics_t1_raw.csv
2026-10-05_1700_ddr5-4800_threads-1-2-3-4-5-6-8-10-12-14-16-24_r1,unity_physics,unity-6000.5.2f1-com.unity.physics-6.5.0,windows,unity_player,large_pyramid_16206,headless_api,2,step,600,0,0,16211,16211,0,0,median_ms_per_step,44.514847333,ms,lower_is_better,44.514847333,22.464414907,0,ok,ok,engine_runner_cli,work_unit_wall_sum_inline,2,large_pyramid,1,solver_iterations=2; substeps=3; solver_type=iterative; stabilization=on; linear_damping=0; angular_damping=0; synchronize_collision_world=on; sleep=not_applicable; worker_count=1,unity_player,2,1,,,1,yes,,,,,,,,,,,600,26708.908400000,,,,,results/large-pyramid-16206/intel-core-i7-13700k/2026-10-05_1700_ddr5-4800_threads-1-2-3-4-5-6-8-10-12-14-16-24_r1/raw/unity_physics/t2/unity_physics_t2_raw.csv
2026-10-05_1700_ddr5-4800_threads-1-2-3-4-5-6-8-10-12-14-16-24_r1,unity_physics,unity-6000.5.2f1-com.unity.physics-6.5.0,windows,unity_player,large_pyramid_16206,headless_api,3,step,600,0,0,16211,16211,0,0,median_ms_per_step,31.779664833,ms,lower_is_better,31.779664833,31.466662888,0,ok,ok,engine_runner_cli,work_unit_wall_sum_inline,3,large_pyramid,1,solver_iterations=2; substeps=3; solver_type=iterative; stabilization=on; linear_damping=0; angular_damping=0; synchronize_collision_world=on; sleep=not_applicable; worker_count=2,unity_player,3,2,,,2,yes,,,,,,,,,,,600,19067.798900000,,,,,results/large-pyramid-16206/intel-core-i7-13700k/2026-10-05_1700_ddr5-4800_threads-1-2-3-4-5-6-8-10-12-14-16-24_r1/raw/unity_physics/t3/unity_physics_t3_raw.csv
2026-10-05_1700_ddr5-4800_threads-1-2-3-4-5-6-8-10-12-14-16-24_r1,unity_physics,unity-6000.5.2f1-com.unity.physics-6.5.0,windows,unity_player,large_pyramid_16206,headless_api,4,step,600,0,0,16211,16211,0,0,median_ms_per_step,24.002241667,ms,lower_is_better,24.002241667,41.662775248,0,ok,ok,engine_runner_cli,work_unit_wall_sum_inline,4,large_pyramid,1,solver_iterations=2; substeps=3; solver_type=iterative; stabilization=on; linear_damping=0; angular_damping=0; synchronize_collision_world=on; sleep=not_applicable; worker_count=3,unity_player,4,3,,,3,yes,,,,,,,,,,,600,14401.345000000,,,,,results/large-pyramid-16206/intel-core-i7-13700k/2026-10-05_1700_ddr5-4800_threads-1-2-3-4-5-6-8-10-12-14-16-24_r1/raw/unity_physics/t4/unity_physics_t4_raw.csv
2026-10-05_1700_ddr5-4800_threads-1-2-3-4-5-6-8-10-12-14-16-24_r1,unity_physics,unity-6000.5.2f1-com.unity.physics-6.5.0,windows,unity_player,large_pyramid_16206,headless_api,5,step,600,0,0,16211,16211,0,0,median_ms_per_step,19.793769167,ms,lower_is_better,19.793769167,50.520948869,0,ok,ok,engine_runner_cli,work_unit_wall_sum_inline,5,large_pyramid,1,solver_iterations=2; substeps=3; solver_type=iterative; stabilization=on; linear_damping=0; angular_damping=0; synchronize_collision_world=on; sleep=not_applicable; worker_count=4,unity_player,5,4,,,4,yes,,,,,,,,,,,600,11876.261500000,,,,,results/large-pyramid-16206/intel-core-i7-13700k/2026-10-05_1700_ddr5-4800_threads-1-2-3-4-5-6-8-10-12-14-16-24_r1/raw/unity_physics/t5/unity_physics_t5_raw.csv
2026-10-05_1700_ddr5-4800_threads-1-2-3-4-5-6-8-10-12-14-16-24_r1,unity_physics,unity-6000.5.2f1-com.unity.physics-6.5.0,windows,unity_player,large_pyramid_16206,headless_api,6,step,600,0,0,16211,16211,0,0,median_ms_per_step,16.910572000,ms,lower_is_better,16.910572000,59.134605264,0,ok,ok,engine_runner_cli,work_unit_wall_sum_inline,6,large_pyramid,1,solver_iterations=2; substeps=3; solver_type=iterative; stabilization=on; linear_damping=0; angular_damping=0; synchronize_collision_world=on; sleep=not_applicable; worker_count=5,unity_player,6,5,,,5,yes,,,,,,,,,,,600,10146.343200000,,,,,results/large-pyramid-16206/intel-core-i7-13700k/2026-10-05_1700_ddr5-4800_threads-1-2-3-4-5-6-8-10-12-14-16-24_r1/raw/unity_physics/t6/unity_physics_t6_raw.csv
2026-10-05_1700_ddr5-4800_threads-1-2-3-4-5-6-8-10-12-14-16-24_r1,unity_physics,unity-6000.5.2f1-com.unity.physics-6.5.0,windows,unity_player,large_pyramid_16206,headless_api,8,step,600,0,0,16211,16211,0,0,median_ms_per_step,13.552155500,ms,lower_is_better,13.552155500,73.788999838,0,ok,ok,engine_runner_cli,work_unit_wall_sum_inline,8,large_pyramid,1,solver_iterations=2; substeps=3; solver_type=iterative; stabilization=on; linear_damping=0; angular_damping=0; synchronize_collision_world=on; sleep=not_applicable; worker_count=7,unity_player,8,7,,,7,yes,,,,,,,,,,,600,8131.293300000,,,,,results/large-pyramid-16206/intel-core-i7-13700k/2026-10-05_1700_ddr5-4800_threads-1-2-3-4-5-6-8-10-12-14-16-24_r1/raw/unity_physics/t8/unity_physics_t8_raw.csv
2026-10-05_1700_ddr5-4800_threads-1-2-3-4-5-6-8-10-12-14-16-24_r1,unity_physics,unity-6000.5.2f1-com.unity.physics-6.5.0,windows,unity_player,large_pyramid_16206,headless_api,10,step,600,0,0,16211,16211,0,0,median_ms_per_step,12.399836000,ms,lower_is_better,12.399836000,80.646227902,0,ok,ok,engine_runner_cli,work_unit_wall_sum_inline,10,large_pyramid,1,solver_iterations=2; substeps=3; solver_type=iterative; stabilization=on; linear_damping=0; angular_damping=0; synchronize_collision_world=on; sleep=not_applicable; worker_count=9,unity_player,10,9,,,9,yes,,,,,,,,,,,600,7439.901600000,,,,,results/large-pyramid-16206/intel-core-i7-13700k/2026-10-05_1700_ddr5-4800_threads-1-2-3-4-5-6-8-10-12-14-16-24_r1/raw/unity_physics/t10/unity_physics_t10_raw.csv
2026-10-05_1700_ddr5-4800_threads-1-2-3-4-5-6-8-10-12-14-16-24_r1,unity_physics,unity-6000.5.2f1-com.unity.physics-6.5.0,windows,unity_player,large_pyramid_16206,headless_api,12,step,600,0,0,16211,16211,0,0,median_ms_per_step,11.691023167,ms,lower_is_better,11.691023167,85.535712807,0,ok,ok,engine_runner_cli,work_unit_wall_sum_inline,12,large_pyramid,1,solver_iterations=2; substeps=3; solver_type=iterative; stabilization=on; linear_damping=0; angular_damping=0; synchronize_collision_world=on; sleep=not_applicable; worker_count=11,unity_player,12,11,,,11,yes,,,,,,,,,,,600,7014.613900000,,,,,results/large-pyramid-16206/intel-core-i7-13700k/2026-10-05_1700_ddr5-4800_threads-1-2-3-4-5-6-8-10-12-14-16-24_r1/raw/unity_physics/t12/unity_physics_t12_raw.csv
2026-10-05_1700_ddr5-4800_threads-1-2-3-4-5-6-8-10-12-14-16-24_r1,unity_physics,unity-6000.5.2f1-com.unity.physics-6.5.0,windows,unity_player,large_pyramid_16206,headless_api,14,step,600,0,0,16211,16211,0,0,median_ms_per_step,11.186952500,ms,lower_is_better,11.186952500,89.389849470,0,ok,ok,engine_runner_cli,work_unit_wall_sum_inline,14,large_pyramid,1,solver_iterations=2; substeps=3; solver_type=iterative; stabilization=on; linear_damping=0; angular_damping=0; synchronize_collision_world=on; sleep=not_applicable; worker_count=13,unity_player,14,13,,,13,yes,,,,,,,,,,,600,6712.171500000,,,,,results/large-pyramid-16206/intel-core-i7-13700k/2026-10-05_1700_ddr5-4800_threads-1-2-3-4-5-6-8-10-12-14-16-24_r1/raw/unity_physics/t14/unity_physics_t14_raw.csv
2026-10-05_1700_ddr5-4800_threads-1-2-3-4-5-6-8-10-12-14-16-24_r1,unity_physics,unity-6000.5.2f1-com.unity.physics-6.5.0,windows,unity_player,large_pyramid_16206,headless_api,16,step,600,0,0,16211,16211,0,0,median_ms_per_step,10.614402167,ms,lower_is_better,10.614402167,94.211617790,0,ok,ok,engine_runner_cli,work_unit_wall_sum_inline,16,large_pyramid,1,solver_iterations=2; substeps=3; solver_type=iterative; stabilization=on; linear_damping=0; angular_damping=0; synchronize_collision_world=on; sleep=not_applicable; worker_count=15,unity_player,16,15,,,15,yes,,,,,,,,,,,600,6368.641300000,,,,,results/large-pyramid-16206/intel-core-i7-13700k/2026-10-05_1700_ddr5-4800_threads-1-2-3-4-5-6-8-10-12-14-16-24_r1/raw/unity_physics/t16/unity_physics_t16_raw.csv
2026-10-05_1700_ddr5-4800_threads-1-2-3-4-5-6-8-10-12-14-16-24_r1,unity_physics,unity-6000.5.2f1-com.unity.physics-6.5.0,windows,unity_player,large_pyramid_16206,headless_api,24,step,600,0,0,16211,16211,0,0,median_ms_per_step,9.298693667,ms,lower_is_better,9.298693667,107.541987708,0,ok,ok,engine_runner_cli,work_unit_wall_sum_inline,24,large_pyramid,1,solver_iterations=2; substeps=3; solver_type=iterative; stabilization=on; linear_damping=0; angular_damping=0; synchronize_collision_world=on; sleep=not_applicable; worker_count=23,unity_player,24,23,,,23,yes,,,,,,,,,,,600,5579.216200000,,,,,results/large-pyramid-16206/intel-core-i7-13700k/2026-10-05_1700_ddr5-4800_threads-1-2-3-4-5-6-8-10-12-14-16-24_r1/raw/unity_physics/t24/unity_physics_t24_raw.csv
2026-10-05_1700_ddr5-4800_threads-1-2-3-4-5-6-8-10-12-14-16-24_r1,unreal_chaos,7deeb413d3dc1fc034f48d1aacc0861301829d32,windows,unreal_chaos_ubt_win64_shipping,large_pyramid_16206,headless_api,1,step,600,0,0,16211,16211,0,0,median_ms_per_step,93.447043333,ms,lower_is_better,93.447043333,10.701248154,0,ok,ok,engine_runner_cli,work_unit_wall_sum_inline,1,large_pyramid,1,position_iterations=3; velocity_iterations=1; projection_iterations=1; sleep=disabled; ccd=disabled; unit_scale=100_chaos_units_per_meter; worker_count=1,unreal_chaos_ubt_win64_shipping,1,1,,,1,yes,,,,,,,,,,,600,56068.226000000,,,,,results/large-pyramid-16206/intel-core-i7-13700k/2026-10-05_1700_ddr5-4800_threads-1-2-3-4-5-6-8-10-12-14-16-24_r1/raw/unreal_chaos/t1/unreal_chaos_t1_raw.csv
2026-10-05_1700_ddr5-4800_threads-1-2-3-4-5-6-8-10-12-14-16-24_r1,unreal_chaos,7deeb413d3dc1fc034f48d1aacc0861301829d32,windows,unreal_chaos_ubt_win64_shipping,large_pyramid_16206,headless_api,2,step,600,0,0,16211,16211,0,0,median_ms_per_step,66.157305833,ms,lower_is_better,66.157305833,15.115488568,0,ok,ok,engine_runner_cli,work_unit_wall_sum_inline,2,large_pyramid,1,position_iterations=3; velocity_iterations=1; projection_iterations=1; sleep=disabled; ccd=disabled; unit_scale=100_chaos_units_per_meter; worker_count=2,unreal_chaos_ubt_win64_shipping,2,2,,,2,yes,,,,,,,,,,,600,39694.383500000,,,,,results/large-pyramid-16206/intel-core-i7-13700k/2026-10-05_1700_ddr5-4800_threads-1-2-3-4-5-6-8-10-12-14-16-24_r1/raw/unreal_chaos/t2/unreal_chaos_t2_raw.csv
2026-10-05_1700_ddr5-4800_threads-1-2-3-4-5-6-8-10-12-14-16-24_r1,unreal_chaos,7deeb413d3dc1fc034f48d1aacc0861301829d32,windows,unreal_chaos_ubt_win64_shipping,large_pyramid_16206,headless_api,3,step,600,0,0,16211,16211,0,0,median_ms_per_step,57.790578167,ms,lower_is_better,57.790578167,17.303858721,0,ok,ok,engine_runner_cli,work_unit_wall_sum_inline,3,large_pyramid,1,position_iterations=3; velocity_iterations=1; projection_iterations=1; sleep=disabled; ccd=disabled; unit_scale=100_chaos_units_per_meter; worker_count=3,unreal_chaos_ubt_win64_shipping,3,3,,,3,yes,,,,,,,,,,,600,34674.346900000,,,,,results/large-pyramid-16206/intel-core-i7-13700k/2026-10-05_1700_ddr5-4800_threads-1-2-3-4-5-6-8-10-12-14-16-24_r1/raw/unreal_chaos/t3/unreal_chaos_t3_raw.csv
2026-10-05_1700_ddr5-4800_threads-1-2-3-4-5-6-8-10-12-14-16-24_r1,unreal_chaos,7deeb413d3dc1fc034f48d1aacc0861301829d32,windows,unreal_chaos_ubt_win64_shipping,large_pyramid_16206,headless_api,4,step,600,0,0,16211,16211,0,0,median_ms_per_step,55.162081500,ms,lower_is_better,55.162081500,18.128394956,0,ok,ok,engine_runner_cli,work_unit_wall_sum_inline,4,large_pyramid,1,position_iterations=3; velocity_iterations=1; projection_iterations=1; sleep=disabled; ccd=disabled; unit_scale=100_chaos_units_per_meter; worker_count=4,unreal_chaos_ubt_win64_shipping,4,4,,,4,yes,,,,,,,,,,,600,33097.248900000,,,,,results/large-pyramid-16206/intel-core-i7-13700k/2026-10-05_1700_ddr5-4800_threads-1-2-3-4-5-6-8-10-12-14-16-24_r1/raw/unreal_chaos/t4/unreal_chaos_t4_raw.csv
2026-10-05_1700_ddr5-4800_threads-1-2-3-4-5-6-8-10-12-14-16-24_r1,unreal_chaos,7deeb413d3dc1fc034f48d1aacc0861301829d32,windows,unreal_chaos_ubt_win64_shipping,large_pyramid_16206,headless_api,5,step,600,0,0,16211,16211,0,0,median_ms_per_step,51.921935167,ms,lower_is_better,51.921935167,19.259682768,0,ok,ok,engine_runner_cli,work_unit_wall_sum_inline,5,large_pyramid,1,position_iterations=3; velocity_iterations=1; projection_iterations=1; sleep=disabled; ccd=disabled; unit_scale=100_chaos_units_per_meter; worker_count=5,unreal_chaos_ubt_win64_shipping,5,5,,,5,yes,,,,,,,,,,,600,31153.161100000,,,,,results/large-pyramid-16206/intel-core-i7-13700k/2026-10-05_1700_ddr5-4800_threads-1-2-3-4-5-6-8-10-12-14-16-24_r1/raw/unreal_chaos/t5/unreal_chaos_t5_raw.csv
2026-10-05_1700_ddr5-4800_threads-1-2-3-4-5-6-8-10-12-14-16-24_r1,unreal_chaos,7deeb413d3dc1fc034f48d1aacc0861301829d32,windows,unreal_chaos_ubt_win64_shipping,large_pyramid_16206,headless_api,6,step,600,0,0,16211,16211,0,0,median_ms_per_step,51.974199333,ms,lower_is_better,51.974199333,19.240315634,0,ok,ok,engine_runner_cli,work_unit_wall_sum_inline,6,large_pyramid,1,position_iterations=3; velocity_iterations=1; projection_iterations=1; sleep=disabled; ccd=disabled; unit_scale=100_chaos_units_per_meter; worker_count=6,unreal_chaos_ubt_win64_shipping,6,6,,,6,yes,,,,,,,,,,,600,31184.519600000,,,,,results/large-pyramid-16206/intel-core-i7-13700k/2026-10-05_1700_ddr5-4800_threads-1-2-3-4-5-6-8-10-12-14-16-24_r1/raw/unreal_chaos/t6/unreal_chaos_t6_raw.csv
2026-10-05_1700_ddr5-4800_threads-1-2-3-4-5-6-8-10-12-14-16-24_r1,unreal_chaos,7deeb413d3dc1fc034f48d1aacc0861301829d32,windows,unreal_chaos_ubt_win64_shipping,large_pyramid_16206,headless_api,8,step,600,0,0,16211,16211,0,0,median_ms_per_step,50.244334333,ms,lower_is_better,50.244334333,19.902741538,0,ok,ok,engine_runner_cli,work_unit_wall_sum_inline,8,large_pyramid,1,position_iterations=3; velocity_iterations=1; projection_iterations=1; sleep=disabled; ccd=disabled; unit_scale=100_chaos_units_per_meter; worker_count=8,unreal_chaos_ubt_win64_shipping,8,8,,,8,yes,,,,,,,,,,,600,30146.600600000,,,,,results/large-pyramid-16206/intel-core-i7-13700k/2026-10-05_1700_ddr5-4800_threads-1-2-3-4-5-6-8-10-12-14-16-24_r1/raw/unreal_chaos/t8/unreal_chaos_t8_raw.csv
2026-10-05_1700_ddr5-4800_threads-1-2-3-4-5-6-8-10-12-14-16-24_r1,unreal_chaos,7deeb413d3dc1fc034f48d1aacc0861301829d32,windows,unreal_chaos_ubt_win64_shipping,large_pyramid_16206,headless_api,10,step,600,0,0,16211,16211,0,0,median_ms_per_step,50.951621333,ms,lower_is_better,50.951621333,19.626460824,0,ok,ok,engine_runner_cli,work_unit_wall_sum_inline,10,large_pyramid,1,position_iterations=3; velocity_iterations=1; projection_iterations=1; sleep=disabled; ccd=disabled; unit_scale=100_chaos_units_per_meter; worker_count=10,unreal_chaos_ubt_win64_shipping,10,10,,,10,yes,,,,,,,,,,,600,30570.972800000,,,,,results/large-pyramid-16206/intel-core-i7-13700k/2026-10-05_1700_ddr5-4800_threads-1-2-3-4-5-6-8-10-12-14-16-24_r1/raw/unreal_chaos/t10/unreal_chaos_t10_raw.csv
2026-10-05_1700_ddr5-4800_threads-1-2-3-4-5-6-8-10-12-14-16-24_r1,unreal_chaos,7deeb413d3dc1fc034f48d1aacc0861301829d32,windows,unreal_chaos_ubt_win64_shipping,large_pyramid_16206,headless_api,12,step,600,0,0,16211,16211,0,0,median_ms_per_step,51.258217333,ms,lower_is_better,51.258217333,19.509067073,0,ok,ok,engine_runner_cli,work_unit_wall_sum_inline,12,large_pyramid,1,position_iterations=3; velocity_iterations=1; projection_iterations=1; sleep=disabled; ccd=disabled; unit_scale=100_chaos_units_per_meter; worker_count=12,unreal_chaos_ubt_win64_shipping,12,12,,,12,yes,,,,,,,,,,,600,30754.930400000,,,,,results/large-pyramid-16206/intel-core-i7-13700k/2026-10-05_1700_ddr5-4800_threads-1-2-3-4-5-6-8-10-12-14-16-24_r1/raw/unreal_chaos/t12/unreal_chaos_t12_raw.csv
2026-10-05_1700_ddr5-4800_threads-1-2-3-4-5-6-8-10-12-14-16-24_r1,unreal_chaos,7deeb413d3dc1fc034f48d1aacc0861301829d32,windows,unreal_chaos_ubt_win64_shipping,large_pyramid_16206,headless_api,14,step,600,0,0,16211,16211,0,0,median_ms_per_step,50.224750000,ms,lower_is_better,50.224750000,19.910502292,0,ok,ok,engine_runner_cli,work_unit_wall_sum_inline,14,large_pyramid,1,position_iterations=3; velocity_iterations=1; projection_iterations=1; sleep=disabled; ccd=disabled; unit_scale=100_chaos_units_per_meter; worker_count=14,unreal_chaos_ubt_win64_shipping,14,14,,,14,yes,,,,,,,,,,,600,30134.850000000,,,,,results/large-pyramid-16206/intel-core-i7-13700k/2026-10-05_1700_ddr5-4800_threads-1-2-3-4-5-6-8-10-12-14-16-24_r1/raw/unreal_chaos/t14/unreal_chaos_t14_raw.csv
2026-10-05_1700_ddr5-4800_threads-1-2-3-4-5-6-8-10-12-14-16-24_r1,unreal_chaos,7deeb413d3dc1fc034f48d1aacc0861301829d32,windows,unreal_chaos_ubt_win64_shipping,large_pyramid_16206,headless_api,16,step,600,0,0,16211,16211,0,0,median_ms_per_step,49.153916833,ms,lower_is_better,49.153916833,20.344258696,0,ok,ok,engine_runner_cli,work_unit_wall_sum_inline,16,large_pyramid,1,position_iterations=3; velocity_iterations=1; projection_iterations=1; sleep=disabled; ccd=disabled; unit_scale=100_chaos_units_per_meter; worker_count=16,unreal_chaos_ubt_win64_shipping,16,16,,,16,yes,,,,,,,,,,,600,29492.350100000,,,,,results/large-pyramid-16206/intel-core-i7-13700k/2026-10-05_1700_ddr5-4800_threads-1-2-3-4-5-6-8-10-12-14-16-24_r1/raw/unreal_chaos/t16/unreal_chaos_t16_raw.csv
2026-10-05_1700_ddr5-4800_threads-1-2-3-4-5-6-8-10-12-14-16-24_r1,unreal_chaos,7deeb413d3dc1fc034f48d1aacc0861301829d32,windows,unreal_chaos_ubt_win64_shipping,large_pyramid_16206,headless_api,24,step,600,0,0,16211,16211,0,0,median_ms_per_step,46.618998667,ms,lower_is_better,46.618998667,21.450482177,0,ok,ok,engine_runner_cli,work_unit_wall_sum_inline,24,large_pyramid,1,position_iterations=3; velocity_iterations=1; projection_iterations=1; sleep=disabled; ccd=disabled; unit_scale=100_chaos_units_per_meter; worker_count=24,unreal_chaos_ubt_win64_shipping,24,24,,,24,yes,,,,,,,,,,,600,27971.399200000,,,,,results/large-pyramid-16206/intel-core-i7-13700k/2026-10-05_1700_ddr5-4800_threads-1-2-3-4-5-6-8-10-12-14-16-24_r1/raw/unreal_chaos/t24/unreal_chaos_t24_raw.csv
